[{"model": "emp.jobs", "pk": 1, "fields": {"jobtitle": "java developer", "joblocation": "kolkata", "jobskills": "java,netbeans,spring", "jobdescription": "full time, 6 lacs p.a.", "jobcategory": "backend", "criteria": "90", "employer": 1, "date_created": "2020-05-01", "status": "On Review"}}, {"model": "emp.jobs", "pk": 2, "fields": {"jobtitle": "Django developer", "joblocation": "Banglore", "jobskills": "python,sql,database", "jobdescription": "full time , 7 lacs p.a.", "jobcategory": "backend", "criteria": "97", "employer": 1, "date_created": "2020-05-01", "status": "On Review"}}, {"model": "emp.jobs", "pk": 5, "fields": {"jobtitle": "animatin and graphic", "joblocation": "Banglore", "jobskills": "graphics,unity", "jobdescription": "worked on the project", "jobcategory": "visuals", "criteria": "90", "employer": 6, "date_created": "2020-05-01", "status": "On Review"}}, {"model": "emp.jobs", "pk": 6, "fields": {"jobtitle": "data science", "joblocation": "Mumbai", "jobskills": "python", "jobdescription": "remote", "jobcategory": "software", "criteria": "95", "employer": 7, "date_created": "2020-05-02", "status": "On Review"}}, {"model": "emp.jobs", "pk": 7, "fields": {"jobtitle": "animatin and graphic", "joblocation": "Banglore", "jobskills": "java,python", "jobdescription": "worked on the project", "jobcategory": "ags", "criteria": "23", "employer": 7, "date_created": "2020-05-02", "status": "On Review"}}, {"model": "emp.jobs", "pk": 11, "fields": {"jobtitle": "ios", "joblocation": "jammu kashmir", "jobskills": "data structures and algorithms", "jobdescription": "worked on the project", "jobcategory": " ", "criteria": " ", "employer": 12, "date_created": "2020-05-02", "status": "On Review"}}, {"model": "emp.jobs", "pk": 12, "fields": {"jobtitle": "Software developer", "joblocation": "Banglore", "jobskills": "data structures and algorithms", "jobdescription": "artform", "jobcategory": "software", "criteria": "90", "employer": 12, "date_created": "2020-05-02", "status": "On Review"}}, {"model": "emp.jobs", "pk": 13, "fields": {"jobtitle": "artist", "joblocation": "pune", "jobskills": "painting", "jobdescription": "artform", "jobcategory": " ", "criteria": " ", "employer": 7, "date_created": "2020-05-02", "status": "On Review"}}, {"model": "emp.jobs", "pk": 14, "fields": {"jobtitle": "youtube creator", "joblocation": "pune", "jobskills": "graphics,unity and animation", "jobdescription": "worked on the project", "jobcategory": "graphics", "criteria": "90", "employer": 7, "date_created": "2020-05-02", "status": "On Review"}}, {"model": "emp.jobs", "pk": 15, "fields": {"jobtitle": "apple dev", "joblocation": "Dhanbad", "jobskills": "machine learning", "jobdescription": "can solve real life problems", "jobcategory": "graphics", "criteria": "97", "employer": 7, "date_created": "2020-05-03", "status": "On Review"}}, {"model": "emp.jobs", "pk": 16, "fields": {"jobtitle": "animatin and graphics", "joblocation": "pune", "jobskills": "data structures and algorithms", "jobdescription": "can solve real life problems", "jobcategory": "graphics", "criteria": "95", "employer": 5, "date_created": "2020-05-04", "status": "On Review"}}, {"model": "emp.jobs", "pk": 20, "fields": {"jobtitle": "python developer", "joblocation": "banglore", "jobskills": "python,java", "jobdescription": "nice and great", "jobcategory": "backend", "criteria": "93", "employer": 5, "date_created": "2020-05-04", "status": "On Review"}}, {"model": "emp.jobs", "pk": 21, "fields": {"jobtitle": "artist", "joblocation": "jammu kashmir", "jobskills": "java", "jobdescription": "excellent", "jobcategory": "visuals", "criteria": "90", "employer": 5, "date_created": "2020-05-04", "status": "On Review"}}, {"model": "emp.jobs", "pk": 24, "fields": {"jobtitle": "Django developer", "joblocation": "banglore", "jobskills": "python Django flask panda", "jobdescription": "full time", "jobcategory": "backend", "criteria": "95", "employer": 14, "date_created": "2020-05-04", "status": "On Review"}}, {"model": "emp.jobs", "pk": 26, "fields": {"jobtitle": "Accountant", "joblocation": "Kolkata", "jobskills": "ca", "jobdescription": "great pay", "jobcategory": "business", "criteria": "95", "employer": null, "date_created": "2020-05-05", "status": "On Review"}}, {"model": "emp.jobs", "pk": 27, "fields": {"jobtitle": "Software developer", "joblocation": "jammu kashmir", "jobskills": "data structures and algorithms", "jobdescription": "worked on the project", "jobcategory": "graphics", "criteria": "97", "employer": 16, "date_created": "2020-05-05", "status": "On Review"}}, {"model": "emp.jobs", "pk": 29, "fields": {"jobtitle": "data scientist", "joblocation": "Dhanbad", "jobskills": "machine learning,data structures,unity", "jobdescription": "can solve real life problems", "jobcategory": "Software", "criteria": "95", "employer": 15, "date_created": "2020-05-06", "status": "On Review"}}, {"model": "emp.jobs", "pk": 32, "fields": {"jobtitle": "Accountant", "joblocation": "Dhuliyan", "jobskills": "business analyst,presentation,accountancy", "jobdescription": "presentation and managing", "jobcategory": "business", "criteria": "90", "employer": 17, "date_created": "2020-05-07", "status": "On Review"}}, {"model": "emp.jobs", "pk": 33, "fields": {"jobtitle": "Software developer", "joblocation": "pune", "jobskills": "data structures and algorithms,", "jobdescription": "can solve real life problems", "jobcategory": "Software", "criteria": "95", "employer": 18, "date_created": "2020-05-08", "status": "Accepted"}}, {"model": "emp.jobs", "pk": 34, "fields": {"jobtitle": "Software developer", "joblocation": "Kormangla,Banglore,742202,Park street-08", "jobskills": "java,python", "jobdescription": "We are looking for a Data Scientist who will support our product, sales, leadership and marketing teams with insights gained from analyzing company data. The ideal candidate is adept at using large daWe are looking for a Data Scientist who will support our product, sales, leadership and marketing teams with insights gained from analyzing company data. The ideal candidate is adept at using large data sets to find opportunities for product and process optimization and using models to test the effectiveness of different courses of action. They must have strong experience using a variety of data mining/data analysis methods, using a variety of data tools, building and implementing models, using/creating algorithms and creating/running simulations. They must have a proven ability to drive business results with their data-based insights. They must be comfortable working with a wide range of stakeholders and functional teams. The right candidate will have a passion for discovering solutions hidden in large data sets and working with stakeholders to improve business outcomes.", "jobcategory": "Software", "criteria": "90", "employer": 19, "date_created": "2020-05-11", "status": "selected"}}, {"model": "emp.jobs", "pk": 35, "fields": {"jobtitle": "painter", "joblocation": "jammu kashmir", "jobskills": "transparent,water color,canvas", "jobdescription": "artform", "jobcategory": "graphics", "criteria": "95", "employer": 19, "date_created": "2020-05-11", "status": "On Review"}}, {"model": "emp.jobs", "pk": 36, "fields": {"jobtitle": "do coding", "joblocation": "Dhuliyan", "jobskills": "data structures and algorithms", "jobdescription": "can solve real life problems", "jobcategory": "Software", "criteria": "93", "employer": 19, "date_created": "2020-05-15", "status": "On Review"}}, {"model": "emp.jobs", "pk": 37, "fields": {"jobtitle": "technical assistant", "joblocation": "jhumri", "jobskills": "data structures and algorithms", "jobdescription": "must know basics", "jobcategory": "Software", "criteria": "90", "employer": 19, "date_created": "2020-05-20", "status": "On Review"}}, {"model": "emp.jobs", "pk": 38, "fields": {"jobtitle": "sweeper", "joblocation": "pakistan", "jobskills": "data structures and algorithms", "jobdescription": "work from home", "jobcategory": "Software", "criteria": "95", "employer": 19, "date_created": "2020-05-20", "status": "On Review"}}, {"model": "emp.appliedjobs", "pk": 4, "fields": {"date_created": "2020-05-06", "jobs": [5], "student": [1]}}, {"model": "emp.appliedjobs", "pk": 6, "fields": {"date_created": "2020-05-06", "jobs": [1, 2, 5, 6, 7, 14, 20, 21, 24, 26, 29, 33, 34, 36, 37, 38], "student": [23]}}, {"model": "emp.appliedjobs", "pk": 7, "fields": {"date_created": "2020-05-06", "jobs": [1, 2, 7, 13], "student": [25]}}, {"model": "emp.appliedjobs", "pk": 8, "fields": {"date_created": "2020-05-06", "jobs": [1, 13], "student": [27]}}, {"model": "emp.appliedjobs", "pk": 9, "fields": {"date_created": "2020-05-06", "jobs": [2, 13], "student": [28]}}, {"model": "emp.appliedjobs", "pk": 10, "fields": {"date_created": "2020-05-07", "jobs": [1, 13, 29], "student": [29]}}, {"model": "emp.appliedjobs", "pk": 11, "fields": {"date_created": "2020-05-07", "jobs": [5, 13], "student": [30]}}, {"model": "emp.appliedjobs", "pk": 12, "fields": {"date_created": "2020-05-07", "jobs": [1, 6, 12, 15, 20], "student": [31]}}, {"model": "emp.appliedjobs", "pk": 13, "fields": {"date_created": "2020-05-07", "jobs": [29], "student": [32]}}, {"model": "emp.appliedjobs", "pk": 14, "fields": {"date_created": "2020-05-07", "jobs": [], "student": [33]}}, {"model": "emp.appliedjobs", "pk": 15, "fields": {"date_created": "2020-05-07", "jobs": [1, 20, 32, 34, 35], "student": [34]}}, {"model": "emp.appliedjobs", "pk": 16, "fields": {"date_created": "2020-05-08", "jobs": [21], "student": [35]}}, {"model": "emp.appliedjobs", "pk": 17, "fields": {"date_created": "2020-05-20", "jobs": [11, 12, 16, 27, 33, 36, 37], "student": [40]}}, {"model": "emp.contact", "pk": 1, "fields": {"email": "jai@gmail.com", "comment": "chance to get job"}}, {"model": "emp.contact", "pk": 2, "fields": {"email": "qw@gmail.com", "comment": "very good website"}}, {"model": "emp.contact", "pk": 3, "fields": {"email": "qw@gmail.com", "comment": "very good website"}}, {"model": "emp.contact", "pk": 4, "fields": {"email": "qw@gmail.com", "comment": "very good website"}}, {"model": "emp.contact", "pk": 5, "fields": {"email": "jainharshit9434@gmail.com", "comment": "chances to get job"}}, {"model": "emp.contact", "pk": 6, "fields": {"email": "monikajain03.mj@gmail.com", "comment": "probability of getting job"}}, {"model": "emp.contact", "pk": 7, "fields": {"email": "baivawjain030802@gmail.com", "comment": "thank you for creating wonderful web site"}}, {"model": "emp.contact", "pk": 8, "fields": {"email": "pramit9101999@gmail.com", "comment": "you are selected for an intern in my company"}}, {"model": "emp.contact_stu", "pk": 1, "fields": {"name": " ", "email": " ", "message": "what are my chances to get job?"}}, {"model": "emp.contact_stu", "pk": 2, "fields": {"name": " ", "email": " ", "message": "chances to get job"}}, {"model": "emp.contact_stu", "pk": 3, "fields": {"name": " ", "email": " ", "message": "hiii"}}, {"model": "emp.contact_stu", "pk": 4, "fields": {"name": " ", "email": " ", "message": "chances to get job"}}, {"model": "emp.contact_stu", "pk": 5, "fields": {"name": "bolo", "email": " ", "message": "am I a joker.."}}, {"model": "emp.contact_stu", "pk": 6, "fields": {"name": "bolo", "email": "bolo@gmail.com", "message": "I need a job of software development"}}, {"model": "emp.contact_stu", "pk": 7, "fields": {"name": "kajal", "email": "kajal@gmail.com", "message": "hiii"}}, {"model": "emp.contact_stu", "pk": 8, "fields": {"name": "kajal", "email": "kajal@gmail.com", "message": "no golang"}}, {"model": "emp.rate", "pk": 1, "fields": {"name": "hj", "email": "jai@gmail.com", "rating": 2, "suggestion": "need improvement", "reply": ""}}, {"model": "emp.rate", "pk": 2, "fields": {"name": "hj", "email": "jai@gmail.com", "rating": 2, "suggestion": "need improvement", "reply": ""}}, {"model": "emp.rate", "pk": 3, "fields": {"name": "mlo", "email": "qw@gmail.com", "rating": 3, "suggestion": "grt", "reply": ""}}, {"model": "emp.rate", "pk": 4, "fields": {"name": "hg", "email": "hg@gmail.com", "rating": 1, "suggestion": "need ", "reply": ""}}, {"model": "emp.rate", "pk": 5, "fields": {"name": "hg", "email": "hg@gmail.com", "rating": 1, "suggestion": "need ", "reply": ""}}, {"model": "emp.rate", "pk": 6, "fields": {"name": "hg", "email": "hg@gmail.com", "rating": 1, "suggestion": "need ", "reply": ""}}, {"model": "emp.rate", "pk": 7, "fields": {"name": "hg", "email": "hg@gmail.com", "rating": 1, "suggestion": "need ", "reply": ""}}, {"model": "emp.rate", "pk": 8, "fields": {"name": "hg", "email": "hg@gmail.com", "rating": 1, "suggestion": "need ", "reply": ""}}, {"model": "emp.rate", "pk": 9, "fields": {"name": "hg", "email": "hg@gmail.com", "rating": 1, "suggestion": "need ", "reply": ""}}, {"model": "emp.rate", "pk": 10, "fields": {"name": "baivaw", "email": "baivawjain030802@gmail.com", "rating": 5, "suggestion": "great!", "reply": ""}}, {"model": "emp.rate", "pk": 11, "fields": {"name": "harshit jain", "email": "jain@gmail.com", "rating": 3, "suggestion": "hsgsh", "reply": ""}}, {"model": "emp.rate", "pk": 12, "fields": {"name": "kl jain", "email": "qw@gmail.com", "rating": 5, "suggestion": "great", "reply": ""}}, {"model": "emp.rate", "pk": 13, "fields": {"name": "pop jain", "email": "jai@gmail.com", "rating": 3, "suggestion": "good", "reply": ""}}, {"model": "emp.rate", "pk": 14, "fields": {"name": "pramit", "email": "qw@gmail.com", "rating": 4, "suggestion": "I got a job", "reply": ""}}, {"model": "emp.student_status", "pk": 17, "fields": {"student": 40, "jobs": 37, "comp": "Mazon Pvt.Limited", "ename": "bjain", "jtitle": "technical assistant", "statu": 1}}, {"model": "emp.student_status", "pk": 18, "fields": {"student": 23, "jobs": 37, "comp": "Mazon Pvt.Limited", "ename": "bjain", "jtitle": "technical assistant", "statu": 1}}, {"model": "emp.student_status", "pk": 19, "fields": {"student": 34, "jobs": 35, "comp": "Mazon Pvt.Limited", "ename": "bjain", "jtitle": "painter", "statu": 1}}, {"model": "emp.student_status", "pk": 20, "fields": {"student": 23, "jobs": 38, "comp": "Mazon Pvt.Limited", "ename": "bjain", "jtitle": "sweeper", "statu": 1}}, {"model": "emp.student_status", "pk": 21, "fields": {"student": 34, "jobs": 35, "comp": "Mazon Pvt.Limited", "ename": "bjain", "jtitle": "painter", "statu": 1}}, {"model": "emp.student_status", "pk": 22, "fields": {"student": 34, "jobs": 35, "comp": "Mazon Pvt.Limited", "ename": "bjain", "jtitle": "painter", "statu": 1}}, {"model": "emp.student_status", "pk": 23, "fields": {"student": 34, "jobs": 35, "comp": "Mazon Pvt.Limited", "ename": "bjain", "jtitle": "painter", "statu": 1}}, {"model": "emp.student_status", "pk": 24, "fields": {"student": 23, "jobs": 37, "comp": "Mazon Pvt.Limited", "ename": "bjain", "jtitle": "technical assistant", "statu": 1}}, {"model": "emp.student_status", "pk": 25, "fields": {"student": 23, "jobs": 34, "comp": "Mazon Pvt.Limited", "ename": "bjain", "jtitle": "Software developer", "statu": 1}}, {"model": "emp.student_status", "pk": 26, "fields": {"student": 34, "jobs": 34, "comp": "Mazon Pvt.Limited", "ename": "bjain", "jtitle": "Software developer", "statu": 1}}, {"model": "emp.student_status", "pk": 27, "fields": {"student": 34, "jobs": 34, "comp": "Mazon Pvt.Limited", "ename": "bjain", "jtitle": "Software developer", "statu": 1}}, {"model": "emp.student_status", "pk": 28, "fields": {"student": 34, "jobs": 34, "comp": "Mazon Pvt.Limited", "ename": "bjain", "jtitle": "Software developer", "statu": 1}}, {"model": "emp.student_status", "pk": 29, "fields": {"student": 34, "jobs": 34, "comp": "Mazon Pvt.Limited", "ename": "bjain", "jtitle": "Software developer", "statu": 1}}, {"model": "emp.student_status", "pk": 30, "fields": {"student": 34, "jobs": 34, "comp": "Mazon Pvt.Limited", "ename": "bjain", "jtitle": "Software developer", "statu": 1}}, {"model": "emp.student_status", "pk": 31, "fields": {"student": 40, "jobs": 37, "comp": "Mazon Pvt.Limited", "ename": "bjain", "jtitle": "technical assistant", "statu": 1}}, {"model": "emp.student_status", "pk": 32, "fields": {"student": 23, "jobs": 34, "comp": "Mazon Pvt.Limited", "ename": "bjain", "jtitle": "Software developer", "statu": 1}}, {"model": "emp.student_status", "pk": 33, "fields": {"student": 23, "jobs": 37, "comp": "Mazon Pvt.Limited", "ename": "bjain", "jtitle": "technical assistant", "statu": 1}}, {"model": "emp.student_status", "pk": 34, "fields": {"student": 23, "jobs": 37, "comp": "Mazon Pvt.Limited", "ename": "bjain", "jtitle": "technical assistant", "statu": 1}}, {"model": "emp.student_status", "pk": 35, "fields": {"student": 34, "jobs": 35, "comp": "Mazon Pvt.Limited", "ename": "bjain", "jtitle": "painter", "statu": 1}}, {"model": "emp.student_status", "pk": 36, "fields": {"student": 23, "jobs": 36, "comp": "Mazon Pvt.Limited", "ename": "bjain", "jtitle": "do coding", "statu": 1}}, {"model": "emp.student_status", "pk": 37, "fields": {"student": 40, "jobs": 36, "comp": "Mazon Pvt.Limited", "ename": "bjain", "jtitle": "do coding", "statu": 1}}, {"model": "emp.post", "pk": 1, "fields": {"title": "Django", "content": "Django is a high-level Python Web framework that encourages rapid development and clean, pragmatic design. Built by experienced developers, it takes care of much of the hassle of Web development, so you can focus on writing your app without needing to reinvent the wheel. It\u2019s free and open source.\r\nDjango is a high-level Python Web framework that encourages rapid development and clean, pragmatic design. Built by experienced developers, it takes care of much of the hassle of Web development, so you can focus on writing your app without needing to reinvent the wheel. It\u2019s free and open source.\r\nDjango is a high-level Python Web framework that encourages rapid development and clean, pragmatic design. Built by experienced developers, it takes care of much of the hassle of Web development, so you can focus on writing your app without needing to reinvent the wheel. It\u2019s free and open source.\r\nDjango is a high-level Python Web framework that encourages rapid development and clean, pragmatic design. Built by experienced developers, it takes care of much of the hassle of Web development, so you can focus on writing your app without needing to reinvent the wheel. It\u2019s free and open source.", "author": "harshit", "slug": "Django is a high-level Python Web framework that encourages rapid development and clean, pragmatic design. Built by experienced de", "timestamp": "2020-05-20T22:56:25Z"}}, {"model": "emp.post", "pk": 2, "fields": {"title": "flask", "content": "flask is a microframework for website purpose. It is used for developing small level application.", "author": "Harshit", "slug": "flask is a microframework for website purpose. It is used for developing small level application.", "timestamp": "2020-05-21T00:34:09Z"}}, {"model": "emp.pay", "pk": 1, "fields": {"amount": 1000, "address": "", "employer": 19, "zip_code": "6383990", "phone": "84930084"}}, {"model": "emp.pay", "pk": 2, "fields": {"amount": 1000, "address": "", "employer": 19, "zip_code": "76767", "phone": "9875775"}}, {"model": "emp.pay", "pk": 3, "fields": {"amount": 1000, "address": "", "employer": 19, "zip_code": "562462", "phone": "72673887"}}, {"model": "emp.pay", "pk": 4, "fields": {"amount": 1000, "address": "", "employer": 19, "zip_code": "516267", "phone": "78367637"}}, {"model": "emp.payupdate", "pk": 1, "fields": {"order_id": 1, "update_desc": "The order has been placed", "timestamp": "2020-05-23"}}, {"model": "emp.payupdate", "pk": 2, "fields": {"order_id": 2, "update_desc": "The order has been placed", "timestamp": "2020-05-23"}}, {"model": "emp.payupdate", "pk": 3, "fields": {"order_id": 3, "update_desc": "The order has been placed", "timestamp": "2020-05-23"}}, {"model": "emp.payupdate", "pk": 4, "fields": {"order_id": 4, "update_desc": "The order has been placed", "timestamp": "2020-05-23"}}, {"model": "contenttypes.contenttype", "pk": 1, "fields": {"app_label": "admin", "model": "logentry"}}, {"model": "contenttypes.contenttype", "pk": 2, "fields": {"app_label": "auth", "model": "permission"}}, {"model": "contenttypes.contenttype", "pk": 3, "fields": {"app_label": "auth", "model": "group"}}, {"model": "contenttypes.contenttype", "pk": 4, "fields": {"app_label": "auth", "model": "user"}}, {"model": "contenttypes.contenttype", "pk": 5, "fields": {"app_label": "contenttypes", "model": "contenttype"}}, {"model": "contenttypes.contenttype", "pk": 6, "fields": {"app_label": "sessions", "model": "session"}}, {"model": "contenttypes.contenttype", "pk": 7, "fields": {"app_label": "emp", "model": "employer"}}, {"model": "contenttypes.contenttype", "pk": 8, "fields": {"app_label": "emp", "model": "jobs"}}, {"model": "contenttypes.contenttype", "pk": 9, "fields": {"app_label": "emp", "model": "student"}}, {"model": "contenttypes.contenttype", "pk": 10, "fields": {"app_label": "emp", "model": "appliedjobs"}}, {"model": "contenttypes.contenttype", "pk": 11, "fields": {"app_label": "emp", "model": "notification"}}, {"model": "contenttypes.contenttype", "pk": 12, "fields": {"app_label": "emp", "model": "contact"}}, {"model": "contenttypes.contenttype", "pk": 13, "fields": {"app_label": "emp", "model": "contact_stu"}}, {"model": "contenttypes.contenttype", "pk": 14, "fields": {"app_label": "emp", "model": "rate"}}, {"model": "contenttypes.contenttype", "pk": 15, "fields": {"app_label": "emp", "model": "student_status"}}, {"model": "contenttypes.contenttype", "pk": 16, "fields": {"app_label": "emp", "model": "post"}}, {"model": "contenttypes.contenttype", "pk": 17, "fields": {"app_label": "emp", "model": "blogcomment"}}, {"model": "contenttypes.contenttype", "pk": 18, "fields": {"app_label": "emp", "model": "payupdate"}}, {"model": "contenttypes.contenttype", "pk": 19, "fields": {"app_label": "emp", "model": "pay"}}, {"model": "contenttypes.contenttype", "pk": 20, "fields": {"app_label": "emp", "model": "spoken"}}, {"model": "sessions.session", "pk": "70lvend3netw6xl091c14prgfwxphv60", "fields": {"session_data": "ZmYzM2MzZTlhOWExNGUyNjc2MzZmZTczN2Y5MzIyMTlhZDk2M2YyMzp7Il9hdXRoX3VzZXJfaWQiOiI1NiIsIl9hdXRoX3VzZXJfYmFja2VuZCI6ImRqYW5nby5jb250cmliLmF1dGguYmFja2VuZHMuTW9kZWxCYWNrZW5kIiwiX2F1dGhfdXNlcl9oYXNoIjoiNjY4MDAxMjE5YTJmODljM2FhNjdjZTYyMjM0ZWRiNTFhZmFlYzQxOCJ9", "expire_date": "2020-06-06T13:42:03.125Z"}}, {"model": "sessions.session", "pk": "adhcnlbjs80uwv5hoxetu5wmc1zgc61i", "fields": {"session_data": "NDI2MDI4N2IyZWMwMmJhMzRjMTI1NDJjY2RmZmRkZmEyMDY1M2NmZDp7fQ==", "expire_date": "2020-05-16T07:49:28.704Z"}}, {"model": "sessions.session", "pk": "ftkc1zwpemh6lnrf1uk9twalzjnhdgf8", "fields": {"session_data": "NDI2MDI4N2IyZWMwMmJhMzRjMTI1NDJjY2RmZmRkZmEyMDY1M2NmZDp7fQ==", "expire_date": "2020-05-20T17:06:22.592Z"}}, {"model": "sessions.session", "pk": "gfs302b2nfc6zwgqvjl1phleefzc2u18", "fields": {"session_data": "N2VhZGVjODEzNjY4NWNhMDUxMDJhMzNkYjkyMmJhYTc5MTU2ODMwMzp7Il9hdXRoX3VzZXJfaWQiOiI0MCIsIl9hdXRoX3VzZXJfYmFja2VuZCI6ImRqYW5nby5jb250cmliLmF1dGguYmFja2VuZHMuTW9kZWxCYWNrZW5kIiwiX2F1dGhfdXNlcl9oYXNoIjoiMWZkOThmZWMxNzYwYzhhMTgwYjMxY2M0MzE5MTcxZWQ1ZGE0OTFiNSJ9", "expire_date": "2020-06-02T07:02:36.431Z"}}, {"model": "sessions.session", "pk": "je4v2zvugtimn8749tw56dd1nsoqx313", "fields": {"session_data": "N2M3NTc5Y2Q1OWFkN2JlMTg5MzQwZDAxNTJlNjUzMGM4Mjk3Nzk0NTp7Il9hdXRoX3VzZXJfaWQiOiIxIiwiX2F1dGhfdXNlcl9iYWNrZW5kIjoiZGphbmdvLmNvbnRyaWIuYXV0aC5iYWNrZW5kcy5Nb2RlbEJhY2tlbmQiLCJfYXV0aF91c2VyX2hhc2giOiIwNTRkNjQyNjZjNzZmNjJkOTljMTI2ZDg4Y2RhMjliZjg0NGQ2NDQ2In0=", "expire_date": "2020-05-13T10:37:45.341Z"}}, {"model": "sessions.session", "pk": "jr0731qglwmtwf352karyexw6fgupm25", "fields": {"session_data": "MjA3MTNhNzc1OWRlZjIyNDBhYzQyNzM2OGY4NjU1OTJjNDA0MGU5ZTp7Il9hdXRoX3VzZXJfaWQiOiI2NCIsIl9hdXRoX3VzZXJfYmFja2VuZCI6ImRqYW5nby5jb250cmliLmF1dGguYmFja2VuZHMuTW9kZWxCYWNrZW5kIiwiX2F1dGhfdXNlcl9oYXNoIjoiOTIyNmEyMmI2ZmI2ZmY4MDVkMTI0NTc1MTc5YzMyMWE1MDhkZGMzOCJ9", "expire_date": "2020-06-04T12:40:45.494Z"}}, {"model": "sessions.session", "pk": "n3gox59dhpe0cmqfxof2ryf6vusybofu", "fields": {"session_data": "ZmYzM2MzZTlhOWExNGUyNjc2MzZmZTczN2Y5MzIyMTlhZDk2M2YyMzp7Il9hdXRoX3VzZXJfaWQiOiI1NiIsIl9hdXRoX3VzZXJfYmFja2VuZCI6ImRqYW5nby5jb250cmliLmF1dGguYmFja2VuZHMuTW9kZWxCYWNrZW5kIiwiX2F1dGhfdXNlcl9oYXNoIjoiNjY4MDAxMjE5YTJmODljM2FhNjdjZTYyMjM0ZWRiNTFhZmFlYzQxOCJ9", "expire_date": "2020-06-01T12:05:02.824Z"}}, {"model": "sessions.session", "pk": "q3u73bv5vd01fmg69wdfewdke98c43u3", "fields": {"session_data": "ZmYzM2MzZTlhOWExNGUyNjc2MzZmZTczN2Y5MzIyMTlhZDk2M2YyMzp7Il9hdXRoX3VzZXJfaWQiOiI1NiIsIl9hdXRoX3VzZXJfYmFja2VuZCI6ImRqYW5nby5jb250cmliLmF1dGguYmFja2VuZHMuTW9kZWxCYWNrZW5kIiwiX2F1dGhfdXNlcl9oYXNoIjoiNjY4MDAxMjE5YTJmODljM2FhNjdjZTYyMjM0ZWRiNTFhZmFlYzQxOCJ9", "expire_date": "2020-06-09T06:59:46.601Z"}}, {"model": "sessions.session", "pk": "yes1veu7ibk1pfet3lxfqx7dbcv4i6on", "fields": {"session_data": "ZmYzM2MzZTlhOWExNGUyNjc2MzZmZTczN2Y5MzIyMTlhZDk2M2YyMzp7Il9hdXRoX3VzZXJfaWQiOiI1NiIsIl9hdXRoX3VzZXJfYmFja2VuZCI6ImRqYW5nby5jb250cmliLmF1dGguYmFja2VuZHMuTW9kZWxCYWNrZW5kIiwiX2F1dGhfdXNlcl9oYXNoIjoiNjY4MDAxMjE5YTJmODljM2FhNjdjZTYyMjM0ZWRiNTFhZmFlYzQxOCJ9", "expire_date": "2020-06-13T19:25:06.086Z"}}, {"model": "auth.permission", "pk": 1, "fields": {"name": "Can add log entry", "content_type": 1, "codename": "add_logentry"}}, {"model": "auth.permission", "pk": 2, "fields": {"name": "Can change log entry", "content_type": 1, "codename": "change_logentry"}}, {"model": "auth.permission", "pk": 3, "fields": {"name": "Can delete log entry", "content_type": 1, "codename": "delete_logentry"}}, {"model": "auth.permission", "pk": 4, "fields": {"name": "Can view log entry", "content_type": 1, "codename": "view_logentry"}}, {"model": "auth.permission", "pk": 5, "fields": {"name": "Can add permission", "content_type": 2, "codename": "add_permission"}}, {"model": "auth.permission", "pk": 6, "fields": {"name": "Can change permission", "content_type": 2, "codename": "change_permission"}}, {"model": "auth.permission", "pk": 7, "fields": {"name": "Can delete permission", "content_type": 2, "codename": "delete_permission"}}, {"model": "auth.permission", "pk": 8, "fields": {"name": "Can view permission", "content_type": 2, "codename": "view_permission"}}, {"model": "auth.permission", "pk": 9, "fields": {"name": "Can add group", "content_type": 3, "codename": "add_group"}}, {"model": "auth.permission", "pk": 10, "fields": {"name": "Can change group", "content_type": 3, "codename": "change_group"}}, {"model": "auth.permission", "pk": 11, "fields": {"name": "Can delete group", "content_type": 3, "codename": "delete_group"}}, {"model": "auth.permission", "pk": 12, "fields": {"name": "Can view group", "content_type": 3, "codename": "view_group"}}, {"model": "auth.permission", "pk": 13, "fields": {"name": "Can add user", "content_type": 4, "codename": "add_user"}}, {"model": "auth.permission", "pk": 14, "fields": {"name": "Can change user", "content_type": 4, "codename": "change_user"}}, {"model": "auth.permission", "pk": 15, "fields": {"name": "Can delete user", "content_type": 4, "codename": "delete_user"}}, {"model": "auth.permission", "pk": 16, "fields": {"name": "Can view user", "content_type": 4, "codename": "view_user"}}, {"model": "auth.permission", "pk": 17, "fields": {"name": "Can add content type", "content_type": 5, "codename": "add_contenttype"}}, {"model": "auth.permission", "pk": 18, "fields": {"name": "Can change content type", "content_type": 5, "codename": "change_contenttype"}}, {"model": "auth.permission", "pk": 19, "fields": {"name": "Can delete content type", "content_type": 5, "codename": "delete_contenttype"}}, {"model": "auth.permission", "pk": 20, "fields": {"name": "Can view content type", "content_type": 5, "codename": "view_contenttype"}}, {"model": "auth.permission", "pk": 21, "fields": {"name": "Can add session", "content_type": 6, "codename": "add_session"}}, {"model": "auth.permission", "pk": 22, "fields": {"name": "Can change session", "content_type": 6, "codename": "change_session"}}, {"model": "auth.permission", "pk": 23, "fields": {"name": "Can delete session", "content_type": 6, "codename": "delete_session"}}, {"model": "auth.permission", "pk": 24, "fields": {"name": "Can view session", "content_type": 6, "codename": "view_session"}}, {"model": "auth.permission", "pk": 25, "fields": {"name": "Can add employer", "content_type": 7, "codename": "add_employer"}}, {"model": "auth.permission", "pk": 26, "fields": {"name": "Can change employer", "content_type": 7, "codename": "change_employer"}}, {"model": "auth.permission", "pk": 27, "fields": {"name": "Can delete employer", "content_type": 7, "codename": "delete_employer"}}, {"model": "auth.permission", "pk": 28, "fields": {"name": "Can view employer", "content_type": 7, "codename": "view_employer"}}, {"model": "auth.permission", "pk": 29, "fields": {"name": "Can add jobs", "content_type": 8, "codename": "add_jobs"}}, {"model": "auth.permission", "pk": 30, "fields": {"name": "Can change jobs", "content_type": 8, "codename": "change_jobs"}}, {"model": "auth.permission", "pk": 31, "fields": {"name": "Can delete jobs", "content_type": 8, "codename": "delete_jobs"}}, {"model": "auth.permission", "pk": 32, "fields": {"name": "Can view jobs", "content_type": 8, "codename": "view_jobs"}}, {"model": "auth.permission", "pk": 33, "fields": {"name": "Can add student", "content_type": 9, "codename": "add_student"}}, {"model": "auth.permission", "pk": 34, "fields": {"name": "Can change student", "content_type": 9, "codename": "change_student"}}, {"model": "auth.permission", "pk": 35, "fields": {"name": "Can delete student", "content_type": 9, "codename": "delete_student"}}, {"model": "auth.permission", "pk": 36, "fields": {"name": "Can view student", "content_type": 9, "codename": "view_student"}}, {"model": "auth.permission", "pk": 37, "fields": {"name": "Can add appliedjobs", "content_type": 10, "codename": "add_appliedjobs"}}, {"model": "auth.permission", "pk": 38, "fields": {"name": "Can change appliedjobs", "content_type": 10, "codename": "change_appliedjobs"}}, {"model": "auth.permission", "pk": 39, "fields": {"name": "Can delete appliedjobs", "content_type": 10, "codename": "delete_appliedjobs"}}, {"model": "auth.permission", "pk": 40, "fields": {"name": "Can view appliedjobs", "content_type": 10, "codename": "view_appliedjobs"}}, {"model": "auth.permission", "pk": 41, "fields": {"name": "Can add notification", "content_type": 11, "codename": "add_notification"}}, {"model": "auth.permission", "pk": 42, "fields": {"name": "Can change notification", "content_type": 11, "codename": "change_notification"}}, {"model": "auth.permission", "pk": 43, "fields": {"name": "Can delete notification", "content_type": 11, "codename": "delete_notification"}}, {"model": "auth.permission", "pk": 44, "fields": {"name": "Can view notification", "content_type": 11, "codename": "view_notification"}}, {"model": "auth.permission", "pk": 45, "fields": {"name": "Can add contact", "content_type": 12, "codename": "add_contact"}}, {"model": "auth.permission", "pk": 46, "fields": {"name": "Can change contact", "content_type": 12, "codename": "change_contact"}}, {"model": "auth.permission", "pk": 47, "fields": {"name": "Can delete contact", "content_type": 12, "codename": "delete_contact"}}, {"model": "auth.permission", "pk": 48, "fields": {"name": "Can view contact", "content_type": 12, "codename": "view_contact"}}, {"model": "auth.permission", "pk": 49, "fields": {"name": "Can add contact_stu", "content_type": 13, "codename": "add_contact_stu"}}, {"model": "auth.permission", "pk": 50, "fields": {"name": "Can change contact_stu", "content_type": 13, "codename": "change_contact_stu"}}, {"model": "auth.permission", "pk": 51, "fields": {"name": "Can delete contact_stu", "content_type": 13, "codename": "delete_contact_stu"}}, {"model": "auth.permission", "pk": 52, "fields": {"name": "Can view contact_stu", "content_type": 13, "codename": "view_contact_stu"}}, {"model": "auth.permission", "pk": 53, "fields": {"name": "Can add rate", "content_type": 14, "codename": "add_rate"}}, {"model": "auth.permission", "pk": 54, "fields": {"name": "Can change rate", "content_type": 14, "codename": "change_rate"}}, {"model": "auth.permission", "pk": 55, "fields": {"name": "Can delete rate", "content_type": 14, "codename": "delete_rate"}}, {"model": "auth.permission", "pk": 56, "fields": {"name": "Can view rate", "content_type": 14, "codename": "view_rate"}}, {"model": "auth.permission", "pk": 57, "fields": {"name": "Can add student_status", "content_type": 15, "codename": "add_student_status"}}, {"model": "auth.permission", "pk": 58, "fields": {"name": "Can change student_status", "content_type": 15, "codename": "change_student_status"}}, {"model": "auth.permission", "pk": 59, "fields": {"name": "Can delete student_status", "content_type": 15, "codename": "delete_student_status"}}, {"model": "auth.permission", "pk": 60, "fields": {"name": "Can view student_status", "content_type": 15, "codename": "view_student_status"}}, {"model": "auth.permission", "pk": 61, "fields": {"name": "Can add post", "content_type": 16, "codename": "add_post"}}, {"model": "auth.permission", "pk": 62, "fields": {"name": "Can change post", "content_type": 16, "codename": "change_post"}}, {"model": "auth.permission", "pk": 63, "fields": {"name": "Can delete post", "content_type": 16, "codename": "delete_post"}}, {"model": "auth.permission", "pk": 64, "fields": {"name": "Can view post", "content_type": 16, "codename": "view_post"}}, {"model": "auth.permission", "pk": 65, "fields": {"name": "Can add blogcomment", "content_type": 17, "codename": "add_blogcomment"}}, {"model": "auth.permission", "pk": 66, "fields": {"name": "Can change blogcomment", "content_type": 17, "codename": "change_blogcomment"}}, {"model": "auth.permission", "pk": 67, "fields": {"name": "Can delete blogcomment", "content_type": 17, "codename": "delete_blogcomment"}}, {"model": "auth.permission", "pk": 68, "fields": {"name": "Can view blogcomment", "content_type": 17, "codename": "view_blogcomment"}}, {"model": "auth.permission", "pk": 69, "fields": {"name": "Can add pay update", "content_type": 18, "codename": "add_payupdate"}}, {"model": "auth.permission", "pk": 70, "fields": {"name": "Can change pay update", "content_type": 18, "codename": "change_payupdate"}}, {"model": "auth.permission", "pk": 71, "fields": {"name": "Can delete pay update", "content_type": 18, "codename": "delete_payupdate"}}, {"model": "auth.permission", "pk": 72, "fields": {"name": "Can view pay update", "content_type": 18, "codename": "view_payupdate"}}, {"model": "auth.permission", "pk": 73, "fields": {"name": "Can add pay", "content_type": 19, "codename": "add_pay"}}, {"model": "auth.permission", "pk": 74, "fields": {"name": "Can change pay", "content_type": 19, "codename": "change_pay"}}, {"model": "auth.permission", "pk": 75, "fields": {"name": "Can delete pay", "content_type": 19, "codename": "delete_pay"}}, {"model": "auth.permission", "pk": 76, "fields": {"name": "Can view pay", "content_type": 19, "codename": "view_pay"}}, {"model": "auth.permission", "pk": 77, "fields": {"name": "Can add spoken", "content_type": 20, "codename": "add_spoken"}}, {"model": "auth.permission", "pk": 78, "fields": {"name": "Can change spoken", "content_type": 20, "codename": "change_spoken"}}, {"model": "auth.permission", "pk": 79, "fields": {"name": "Can delete spoken", "content_type": 20, "codename": "delete_spoken"}}, {"model": "auth.permission", "pk": 80, "fields": {"name": "Can view spoken", "content_type": 20, "codename": "view_spoken"}}, {"model": "auth.group", "pk": 1, "fields": {"name": "employer", "permissions": []}}, {"model": "auth.group", "pk": 2, "fields": {"name": "students", "permissions": []}}, {"model": "auth.user", "pk": 1, "fields": {"password": "pbkdf2_sha256$180000$2tosPJtkAi9J$YgasIa+GWWRF4eolzx56+umoX43hc/kLDu+tWadt2Gk=", "last_login": "2020-05-23T13:36:32.310Z", "is_superuser": true, "username": "dolu", "first_name": "", "last_name": "", "email": "", "is_staff": true, "is_active": true, "date_joined": "2020-04-28T15:55:15.171Z", "groups": [], "user_permissions": []}}, {"model": "auth.user", "pk": 4, "fields": {"password": "pbkdf2_sha256$180000$PHIOlOYnTJTS$jF+bnfdOGkb5GIj/1FA3voQyP4cPL2mb35JTTkUz4MU=", "last_login": "2020-04-30T00:27:08.121Z", "is_superuser": false, "username": "hero", "first_name": "", "last_name": "", "email": "jain@gmail.com", "is_staff": false, "is_active": true, "date_joined": "2020-04-29T23:41:26.138Z", "groups": [], "user_permissions": []}}, {"model": "auth.user", "pk": 5, "fields": {"password": "pbkdf2_sha256$180000$Hdf7DMobZnGS$lacubI9eb1N85XVwdt/CKHkErYczGVJEeSoPkwWC1eY=", "last_login": "2020-04-30T01:01:32.413Z", "is_superuser": false, "username": "kaju", "first_name": "", "last_name": "", "email": "ji@gmail.com", "is_staff": false, "is_active": true, "date_joined": "2020-04-30T00:33:01.295Z", "groups": [], "user_permissions": []}}, {"model": "auth.user", "pk": 6, "fields": {"password": "pbkdf2_sha256$180000$wzCJ5LNsbUQa$GRTWumZHqvC5G07dyszVM39Wp2W7CEX4Jm7nvbYeslw=", "last_login": "2020-04-30T01:43:46.896Z", "is_superuser": false, "username": "jok", "first_name": "", "last_name": "", "email": "jai@gmail.com", "is_staff": false, "is_active": true, "date_joined": "2020-04-30T01:43:36.062Z", "groups": [], "user_permissions": []}}, {"model": "auth.user", "pk": 7, "fields": {"password": "pbkdf2_sha256$180000$KyJfh130nVQq$5CEvOJi7sEWyoO1ejEuzbEm9qSEkzCgIF80nEuOP9P4=", "last_login": "2020-04-30T14:51:00.439Z", "is_superuser": false, "username": "pp", "first_name": "", "last_name": "", "email": "pp@gmail.com", "is_staff": false, "is_active": true, "date_joined": "2020-04-30T14:50:50.124Z", "groups": [], "user_permissions": []}}, {"model": "auth.user", "pk": 8, "fields": {"password": "pbkdf2_sha256$180000$ClTQdP9afqqo$juVu/taX75jgfbt6mYzyaiMWS9ZrRo2Ea0ViXtfohDA=", "last_login": null, "is_superuser": false, "username": "om", "first_name": "", "last_name": "", "email": "", "is_staff": false, "is_active": true, "date_joined": "2020-04-30T15:27:27.843Z", "groups": [], "user_permissions": []}}, {"model": "auth.user", "pk": 9, "fields": {"password": "pbkdf2_sha256$180000$Memf83j7yoJ1$SaihW3qRcnEFjbX8RVEBtQprFu9yGJAft9epkDksPEo=", "last_login": null, "is_superuser": false, "username": "lp", "first_name": "", "last_name": "", "email": "lp@gmail.com", "is_staff": false, "is_active": true, "date_joined": "2020-04-30T16:35:09.216Z", "groups": [], "user_permissions": []}}, {"model": "auth.user", "pk": 10, "fields": {"password": "pbkdf2_sha256$180000$pdDXwd1pm6cJ$f1sQWuZ4PEWSYhpNPBnf8Dv0cFAx/w2WKZQjL7NxWcs=", "last_login": null, "is_superuser": false, "username": "qwu", "first_name": "", "last_name": "", "email": "lk@gmail.com", "is_staff": false, "is_active": true, "date_joined": "2020-04-30T18:45:51.420Z", "groups": [], "user_permissions": []}}, {"model": "auth.user", "pk": 11, "fields": {"password": "pbkdf2_sha256$180000$kM9fHbePduDX$VzwOEjw8ux+81UFIgQ93V9hBUKE6O1/CrunXa9ypMGg=", "last_login": "2020-04-30T18:49:05.342Z", "is_superuser": false, "username": "qwerty", "first_name": "", "last_name": "", "email": "qwe@gmail.com", "is_staff": false, "is_active": true, "date_joined": "2020-04-30T18:48:57.108Z", "groups": [], "user_permissions": []}}, {"model": "auth.user", "pk": 12, "fields": {"password": "pbkdf2_sha256$180000$luU84OoB3eD1$1pL9nsEJQIo+pU8EAIhVD9s87KU+tl409idOasDXr1A=", "last_login": null, "is_superuser": false, "username": "hjain", "first_name": "", "last_name": "", "email": "hj@gmail.com", "is_staff": false, "is_active": true, "date_joined": "2020-04-30T19:20:46.008Z", "groups": [], "user_permissions": []}}, {"model": "auth.user", "pk": 13, "fields": {"password": "pbkdf2_sha256$180000$y5RmHS9cSxIY$3+OzXoJukSsWMcbGLVZag9p/e68lbz+G5Q91zzCvaYU=", "last_login": null, "is_superuser": false, "username": "harshit", "first_name": "", "last_name": "", "email": "jain@gmail.com", "is_staff": false, "is_active": true, "date_joined": "2020-04-30T19:27:11Z", "groups": [1], "user_permissions": []}}, {"model": "auth.user", "pk": 14, "fields": {"password": "pbkdf2_sha256$180000$buGNSojcMvLd$FoHyS6xKOwhfiVuQNpdgfH0lUaSjop1Z4brp30yo6X4=", "last_login": null, "is_superuser": false, "username": "janny", "first_name": "", "last_name": "", "email": "janny@gmail.com", "is_staff": false, "is_active": true, "date_joined": "2020-04-30T19:32:37.493Z", "groups": [], "user_permissions": []}}, {"model": "auth.user", "pk": 15, "fields": {"password": "pbkdf2_sha256$180000$S2gmekotMVJh$ryOGwNkxQtSdItds4KBPDC9QwDRHv4dpFZnZBTya1Zg=", "last_login": "2020-05-04T10:19:53.769Z", "is_superuser": false, "username": "monika", "first_name": "", "last_name": "", "email": "jainmanish@gmail.com", "is_staff": false, "is_active": true, "date_joined": "2020-04-30T19:48:56Z", "groups": [2], "user_permissions": []}}, {"model": "auth.user", "pk": 16, "fields": {"password": "pbkdf2_sha256$180000$0GYyJPpNtxx6$yFjlwMO5GjzNZxdIoX6STLXewSlhxtoOIlvruxn5J8o=", "last_login": "2020-05-04T07:42:40.031Z", "is_superuser": false, "username": "mummy", "first_name": "", "last_name": "", "email": "mum@gmail.com", "is_staff": false, "is_active": true, "date_joined": "2020-04-30T21:49:12Z", "groups": [1], "user_permissions": []}}, {"model": "auth.user", "pk": 17, "fields": {"password": "pbkdf2_sha256$180000$G8iJ03WXaLfC$rt5oXpzuw9b6+eSVgyXksTUnPX8owCXQ1QbK3rPBnPM=", "last_login": null, "is_superuser": false, "username": "kunal", "first_name": "", "last_name": "", "email": "kunal@gmail.com", "is_staff": false, "is_active": true, "date_joined": "2020-04-30T22:26:16.941Z", "groups": [2], "user_permissions": []}}, {"model": "auth.user", "pk": 18, "fields": {"password": "pbkdf2_sha256$180000$szvPNkt4QvpI$qgHGO+gMR/M4tml7khirpLDMOeViKAamPcTVaHROalk=", "last_login": "2020-04-30T22:28:41.368Z", "is_superuser": false, "username": "kunal1", "first_name": "", "last_name": "", "email": "kunal1@gmail.com", "is_staff": false, "is_active": true, "date_joined": "2020-04-30T22:28:26.516Z", "groups": [2], "user_permissions": []}}, {"model": "auth.user", "pk": 19, "fields": {"password": "pbkdf2_sha256$180000$48x5NzDsEb5t$RJ5txRIZ2hXZZ3iYYaQHoIoI3rsDz/GEcX058E+AmLA=", "last_login": "2020-05-01T17:05:25.837Z", "is_superuser": false, "username": "nick", "first_name": "", "last_name": "", "email": "nick@gmail.com", "is_staff": false, "is_active": true, "date_joined": "2020-05-01T17:02:32.173Z", "groups": [2], "user_permissions": []}}, {"model": "auth.user", "pk": 20, "fields": {"password": "pbkdf2_sha256$180000$55Ums5dbTbNV$ScfoDMGinGToQzOXxjvpLN2/PFiygIIDeqZLvM/Iy0s=", "last_login": null, "is_superuser": false, "username": "nicky", "first_name": "", "last_name": "", "email": "nicky@gmail.com", "is_staff": false, "is_active": true, "date_joined": "2020-05-01T17:14:40.841Z", "groups": [2], "user_permissions": []}}, {"model": "auth.user", "pk": 21, "fields": {"password": "pbkdf2_sha256$180000$EeYMxKGB2ZXm$OwmxaDbT/WyTB02CIJDVXvMV5phzyHo12gzS1S93DYs=", "last_login": null, "is_superuser": false, "username": "aman", "first_name": "", "last_name": "", "email": "aman@gmail.com", "is_staff": false, "is_active": true, "date_joined": "2020-05-01T17:17:01.888Z", "groups": [2], "user_permissions": []}}, {"model": "auth.user", "pk": 22, "fields": {"password": "pbkdf2_sha256$180000$7PEZuElEl64v$krfu7VPUyzrdr0xcOYj5aK5+8BzPIMqiZ9GfurZAcTU=", "last_login": null, "is_superuser": false, "username": "geeks", "first_name": "", "last_name": "", "email": "geeks@gmail.com", "is_staff": false, "is_active": true, "date_joined": "2020-05-01T17:20:52.337Z", "groups": [2], "user_permissions": []}}, {"model": "auth.user", "pk": 23, "fields": {"password": "pbkdf2_sha256$180000$9JYBQm9eArXE$p05tT2Yiv0u06Ghc4knq8Sq6yTHYtfCNp9N3cu4oIII=", "last_login": null, "is_superuser": false, "username": "tushar", "first_name": "", "last_name": "", "email": "tushar@gmail.com", "is_staff": false, "is_active": true, "date_joined": "2020-05-01T17:22:44.669Z", "groups": [2], "user_permissions": []}}, {"model": "auth.user", "pk": 24, "fields": {"password": "pbkdf2_sha256$180000$GnHcuk1Xbl0W$Usf3ULX7FqLiTYJx2rQaqfNi9DhQIN4NYkP/UxPVIY0=", "last_login": null, "is_superuser": false, "username": "manish", "first_name": "", "last_name": "", "email": "hjain@gmail.com", "is_staff": false, "is_active": true, "date_joined": "2020-05-01T17:33:54.643Z", "groups": [2], "user_permissions": []}}, {"model": "auth.user", "pk": 25, "fields": {"password": "pbkdf2_sha256$180000$6sJHQfgnqR10$X1x8vRc6MYfv00K6eprtcUX7ppH49XbQgxKfrpS4f/Q=", "last_login": "2020-05-01T17:39:32.687Z", "is_superuser": false, "username": "sanu", "first_name": "", "last_name": "", "email": "sanu@gmail.com", "is_staff": false, "is_active": true, "date_joined": "2020-05-01T17:39:14.593Z", "groups": [2], "user_permissions": []}}, {"model": "auth.user", "pk": 26, "fields": {"password": "pbkdf2_sha256$180000$ZVPqRhiva9hw$VJtA4JsaamiCWYhcTe4GG0Ya1ifefFEqWeAAFZt/tpA=", "last_login": "2020-05-01T20:33:28.961Z", "is_superuser": false, "username": "mylo", "first_name": "", "last_name": "", "email": "mylo@gmail.com", "is_staff": false, "is_active": true, "date_joined": "2020-05-01T20:33:17.666Z", "groups": [2], "user_permissions": []}}, {"model": "auth.user", "pk": 27, "fields": {"password": "pbkdf2_sha256$180000$OruIJeE802Vt$sLlv/PoKJLd9LLYwd8uAYeXQMX8713MObFbmQ3k+W2A=", "last_login": "2020-05-02T07:44:05.149Z", "is_superuser": false, "username": "hello", "first_name": "", "last_name": "", "email": "hello@gmail.com", "is_staff": false, "is_active": true, "date_joined": "2020-05-02T07:43:52.177Z", "groups": [2], "user_permissions": []}}, {"model": "auth.user", "pk": 28, "fields": {"password": "pbkdf2_sha256$180000$ck4LlDKWzGLS$a2zoO1tCdISpxvogmWZ8z8jp4Fb4uIkz025T+U9DaYY=", "last_login": "2020-05-02T08:06:51.136Z", "is_superuser": false, "username": "bekhudi", "first_name": "", "last_name": "", "email": "bekhudi@gmail.com", "is_staff": false, "is_active": true, "date_joined": "2020-05-02T08:04:39.380Z", "groups": [2], "user_permissions": []}}, {"model": "auth.user", "pk": 30, "fields": {"password": "pbkdf2_sha256$180000$MVmLXEDgItEn$K7E8cCB9LRE44jNKC74yvq73J6PuYHIUJ6XW6i0h1xc=", "last_login": "2020-05-02T10:03:51.431Z", "is_superuser": false, "username": "omjain", "first_name": "", "last_name": "", "email": "baivawjain030802@gmail.com", "is_staff": false, "is_active": true, "date_joined": "2020-05-02T09:56:26.988Z", "groups": [2], "user_permissions": []}}, {"model": "auth.user", "pk": 31, "fields": {"password": "pbkdf2_sha256$180000$s6fTLjdjyUfk$Vc82rDIccv95M74YtJOro4wSqprj1IwprpTMJ84oaDg=", "last_login": null, "is_superuser": false, "username": "gooly", "first_name": "", "last_name": "", "email": "gooly@gmail.com", "is_staff": false, "is_active": true, "date_joined": "2020-05-02T12:27:09.364Z", "groups": [1, 2], "user_permissions": []}}, {"model": "auth.user", "pk": 32, "fields": {"password": "pbkdf2_sha256$180000$RdZ0tmZnxAF5$kV2bVZGFb26KCpoMKbflSiw9NXCl5agpJsUBxi2YjbU=", "last_login": "2020-05-02T12:30:20.373Z", "is_superuser": false, "username": "gooly11", "first_name": "", "last_name": "", "email": "gooly11@gmail.com", "is_staff": false, "is_active": true, "date_joined": "2020-05-02T12:29:53.253Z", "groups": [2], "user_permissions": []}}, {"model": "auth.user", "pk": 33, "fields": {"password": "pbkdf2_sha256$180000$ITpSyF5h3AtG$tWv12qdAVO2eoJtxd1SkAMV0/w7gaxv3U2E86ZCEP2E=", "last_login": "2020-05-02T13:57:19.982Z", "is_superuser": false, "username": "hero11", "first_name": "", "last_name": "", "email": "monikajain.mj@gmail.com", "is_staff": false, "is_active": true, "date_joined": "2020-05-02T13:57:03.433Z", "groups": [2], "user_permissions": []}}, {"model": "auth.user", "pk": 34, "fields": {"password": "pbkdf2_sha256$180000$nygRq9eMT0jU$OIcmARBNa5Gx7DWQEn9BoIH9kRjS7z3jnc/yiwBwP8U=", "last_login": "2020-05-02T14:10:30.920Z", "is_superuser": false, "username": "dola", "first_name": "", "last_name": "", "email": "jainmanish9434@gmail.com", "is_staff": false, "is_active": true, "date_joined": "2020-05-02T14:10:18.703Z", "groups": [2], "user_permissions": []}}, {"model": "auth.user", "pk": 35, "fields": {"password": "pbkdf2_sha256$180000$PLvbIHqigv30$DvKwqZL16bcnH+ii5ZkG0BEERseDOY0LaRqDxVNmZUk=", "last_login": null, "is_superuser": false, "username": "Hemat", "first_name": "", "last_name": "", "email": "jm@gmail.com", "is_staff": false, "is_active": true, "date_joined": "2020-05-04T09:18:50.360Z", "groups": [1, 2], "user_permissions": []}}, {"model": "auth.user", "pk": 36, "fields": {"password": "pbkdf2_sha256$180000$uhOYAyMlaBAl$C7lz8nU7ihlY2+3ZlEh6nj8h0EkEobj2Hj/mq0XNrQk=", "last_login": "2020-05-04T09:23:56.881Z", "is_superuser": false, "username": "anju", "first_name": "", "last_name": "", "email": "anju@gmail.com", "is_staff": false, "is_active": true, "date_joined": "2020-05-04T09:23:39.567Z", "groups": [1, 2], "user_permissions": []}}, {"model": "auth.user", "pk": 37, "fields": {"password": "pbkdf2_sha256$180000$n5CpaOwfhCwS$3V/HSbPVZX1ZOMs4vcQpQ8OkE1JKZTDV4FW2zSa0WHk=", "last_login": "2020-05-04T12:16:10.608Z", "is_superuser": false, "username": "ritesh", "first_name": "", "last_name": "", "email": "rj@gmail.com", "is_staff": false, "is_active": true, "date_joined": "2020-05-04T09:27:59.073Z", "groups": [1, 2], "user_permissions": []}}, {"model": "auth.user", "pk": 38, "fields": {"password": "pbkdf2_sha256$180000$cXs3Wr14DyMX$U/uIwmMgWC2mEHhW7XVJu3tNEvso7a1mOaDZck20bHE=", "last_login": "2020-05-11T15:18:55.337Z", "is_superuser": false, "username": "banty", "first_name": "", "last_name": "", "email": "bant@gmail.com", "is_staff": false, "is_active": true, "date_joined": "2020-05-04T10:32:33.393Z", "groups": [1], "user_permissions": []}}, {"model": "auth.user", "pk": 39, "fields": {"password": "pbkdf2_sha256$180000$UF0XGythWBgN$y8T0ZlPa9f84HRsjHdEu7v6iAA2N3zvAnPFQwHKWo0c=", "last_login": "2020-05-04T10:35:15.598Z", "is_superuser": false, "username": "julu", "first_name": "", "last_name": "", "email": "julu@gmail.com", "is_staff": false, "is_active": true, "date_joined": "2020-05-04T10:35:02.389Z", "groups": [2], "user_permissions": []}}, {"model": "auth.user", "pk": 40, "fields": {"password": "pbkdf2_sha256$180000$RttoQtY0Eued$5drRNWZF1/clFtaigCNYoKFQWxD00Zuc3kg7GpAzOFw=", "last_login": "2020-05-21T09:42:17.785Z", "is_superuser": false, "username": "kajal", "first_name": "", "last_name": "", "email": "kajal@gmail.com", "is_staff": false, "is_active": true, "date_joined": "2020-05-05T05:07:02.010Z", "groups": [2], "user_permissions": []}}, {"model": "auth.user", "pk": 41, "fields": {"password": "pbkdf2_sha256$180000$7qX34mLDBiZQ$a+KN5yTGzFVwdwAaUaJOp9wm04WDAOp8b7rf7Vz6ALI=", "last_login": "2020-05-05T13:04:55.508Z", "is_superuser": false, "username": "mahi", "first_name": "", "last_name": "", "email": "mahi@gmail.com", "is_staff": false, "is_active": true, "date_joined": "2020-05-05T13:04:46.209Z", "groups": [1], "user_permissions": []}}, {"model": "auth.user", "pk": 42, "fields": {"password": "pbkdf2_sha256$180000$9EeQbxXj2sbt$ZjrCKs1zMVw8b1KzTStEd8jsBa3JCjOLNm2cjZJ7S2s=", "last_login": "2020-05-06T13:29:00.618Z", "is_superuser": false, "username": "mohit", "first_name": "", "last_name": "", "email": "mohit@gmail.com", "is_staff": false, "is_active": true, "date_joined": "2020-05-06T08:51:37.051Z", "groups": [2], "user_permissions": []}}, {"model": "auth.user", "pk": 43, "fields": {"password": "pbkdf2_sha256$180000$Dw5IYhid2Vuu$Rvky2au6xPG0OS9TjEiUQ2DJ41UDz5ALUEjETJW94D8=", "last_login": "2020-05-06T14:54:50.896Z", "is_superuser": false, "username": "ludo", "first_name": "", "last_name": "", "email": "ludo@gmail.com", "is_staff": false, "is_active": true, "date_joined": "2020-05-06T14:54:29.736Z", "groups": [2], "user_permissions": []}}, {"model": "auth.user", "pk": 44, "fields": {"password": "pbkdf2_sha256$180000$dUAEwVfftukN$Kmr4KuRn0tVPcS6rY7KfNYnozdaMXQKf1GAlccjPY+Q=", "last_login": "2020-05-06T15:32:11.767Z", "is_superuser": false, "username": "milo", "first_name": "", "last_name": "", "email": "milo@gmail.com", "is_staff": false, "is_active": true, "date_joined": "2020-05-06T15:32:01.585Z", "groups": [2], "user_permissions": []}}, {"model": "auth.user", "pk": 45, "fields": {"password": "pbkdf2_sha256$180000$FB2JAJRMzOXv$xzvAi0kDAF8WIyjVRXQHAP18EiDq2kMDQVmoL1T8Umg=", "last_login": "2020-05-06T17:07:01.190Z", "is_superuser": false, "username": "akbar", "first_name": "", "last_name": "", "email": "akbar@gmail.com", "is_staff": false, "is_active": true, "date_joined": "2020-05-06T15:53:55.203Z", "groups": [2], "user_permissions": []}}, {"model": "auth.user", "pk": 46, "fields": {"password": "pbkdf2_sha256$180000$xd1rQbXAKlyL$kM0GZvdpXuoulijRCWZQurCdnQHAF+tb1rPJfKll2sg=", "last_login": "2020-05-06T17:22:38.239Z", "is_superuser": false, "username": "moli", "first_name": "", "last_name": "", "email": "moli@gmail.com", "is_staff": false, "is_active": true, "date_joined": "2020-05-06T17:22:27.386Z", "groups": [2], "user_permissions": []}}, {"model": "auth.user", "pk": 47, "fields": {"password": "pbkdf2_sha256$180000$3VbOn9Y8leLf$56ChsZtCai0TqXJinKkz/An/L4HwN2LIdMDHzbg05S8=", "last_login": "2020-05-07T08:39:56.916Z", "is_superuser": false, "username": "hera", "first_name": "", "last_name": "", "email": "hera@gmail.com", "is_staff": false, "is_active": true, "date_joined": "2020-05-07T05:18:13.577Z", "groups": [2], "user_permissions": []}}, {"model": "auth.user", "pk": 48, "fields": {"password": "pbkdf2_sha256$180000$GMuSyDIbYjt0$FEgX1d5Gg0HmZ40RqUMLea88uKok4nhuhO133zoZNNk=", "last_login": "2020-05-07T05:37:49.806Z", "is_superuser": false, "username": "puma", "first_name": "", "last_name": "", "email": "puma@gmail.com", "is_staff": false, "is_active": true, "date_joined": "2020-05-07T05:37:38.268Z", "groups": [2], "user_permissions": []}}, {"model": "auth.user", "pk": 49, "fields": {"password": "pbkdf2_sha256$180000$pHmBRPSwkhSw$hEq3IruRINZo4MFxwXw/OrpcQmKFcNAZZVVPvywOQYw=", "last_login": "2020-05-07T06:03:46.021Z", "is_superuser": false, "username": "golu", "first_name": "", "last_name": "", "email": "golu@gmail.com", "is_staff": false, "is_active": true, "date_joined": "2020-05-07T06:03:34.450Z", "groups": [2], "user_permissions": []}}, {"model": "auth.user", "pk": 50, "fields": {"password": "pbkdf2_sha256$180000$PRQMDsCJaKqj$3WMyXabcCwDog2uvqf2JUXVR9SJLcs/dvryAXKZyGWg=", "last_login": "2020-05-07T09:23:25.136Z", "is_superuser": false, "username": "poli", "first_name": "", "last_name": "", "email": "poli@gmail.com", "is_staff": false, "is_active": true, "date_joined": "2020-05-07T09:23:15.522Z", "groups": [2], "user_permissions": []}}, {"model": "auth.user", "pk": 51, "fields": {"password": "pbkdf2_sha256$180000$oBqk8xGsoHBw$DtrCF+4uGh9w0NGgLWYhl9TklfL+zo+JE51m/hBEu0Y=", "last_login": "2020-05-07T14:04:37.877Z", "is_superuser": false, "username": "kopo", "first_name": "", "last_name": "", "email": "kopo@gmail.com", "is_staff": false, "is_active": true, "date_joined": "2020-05-07T13:51:40.870Z", "groups": [2], "user_permissions": []}}, {"model": "auth.user", "pk": 52, "fields": {"password": "pbkdf2_sha256$180000$i8ivekJue2N0$jIrpeey2mZT1eLX/c8h9zenJYlDd5xWuNvXeVm2Nt9Y=", "last_login": "2020-05-11T16:27:46.902Z", "is_superuser": false, "username": "boss", "first_name": "", "last_name": "", "email": "boss@gmail.com", "is_staff": false, "is_active": true, "date_joined": "2020-05-07T14:59:02.501Z", "groups": [2], "user_permissions": []}}, {"model": "auth.user", "pk": 53, "fields": {"password": "pbkdf2_sha256$180000$G8IoCJ4dRM8A$Wb351Fsf2Bz+jHoSUgQ/urG98j5yJxXo+IYMq9JynpE=", "last_login": "2020-05-07T17:21:57.359Z", "is_superuser": false, "username": "bablu", "first_name": "", "last_name": "", "email": "bablu@gmail.com", "is_staff": false, "is_active": true, "date_joined": "2020-05-07T17:17:46.864Z", "groups": [1], "user_permissions": []}}, {"model": "auth.user", "pk": 54, "fields": {"password": "pbkdf2_sha256$180000$5T3vmvxEbdIy$/J4sixlOH8+Gx76N57wITgc9nHbDaSZ4m99VHaQ92aU=", "last_login": "2020-05-08T05:31:11.593Z", "is_superuser": false, "username": "usha", "first_name": "", "last_name": "", "email": "usha@gmail.com", "is_staff": false, "is_active": true, "date_joined": "2020-05-08T05:23:27.023Z", "groups": [2], "user_permissions": []}}, {"model": "auth.user", "pk": 55, "fields": {"password": "pbkdf2_sha256$180000$f3fSGHrKEs8H$Dfjw8oR+zuHML7UdpreCYRKpwybBkAQiWt4FmScsb5c=", "last_login": "2020-05-08T07:26:19.838Z", "is_superuser": false, "username": "pami", "first_name": "", "last_name": "", "email": "pami@gmail.com", "is_staff": false, "is_active": true, "date_joined": "2020-05-08T07:22:23.970Z", "groups": [1], "user_permissions": []}}, {"model": "auth.user", "pk": 56, "fields": {"password": "pbkdf2_sha256$180000$LgOKVhk6ScCs$RwQM5sL1oESXxEMoC1vZKS7DKL8H1Bfi46wJ+tDk9ZE=", "last_login": "2020-05-30T19:25:06.086Z", "is_superuser": false, "username": "bjain", "first_name": "", "last_name": "", "email": "bjain@gmail.com", "is_staff": false, "is_active": true, "date_joined": "2020-05-11T10:17:29.116Z", "groups": [1], "user_permissions": []}}, {"model": "auth.user", "pk": 57, "fields": {"password": "pbkdf2_sha256$180000$CQ73IHGhDzHw$y+/QTNxGIDHIkHud9xyfh2itNnOmQuQYj0HG3PZZPf0=", "last_login": "2020-05-14T12:08:18.416Z", "is_superuser": false, "username": "kjain", "first_name": "", "last_name": "", "email": "xyz@gmail.com", "is_staff": false, "is_active": true, "date_joined": "2020-05-14T12:08:06.042Z", "groups": [2], "user_permissions": []}}, {"model": "auth.user", "pk": 58, "fields": {"password": "pbkdf2_sha256$180000$3F8QLttUNwRC$yE+JBnMqyKS3MKicUhnhir9ST+6o4vUFi6zKqmkgSCo=", "last_login": "2020-05-15T06:37:16.337Z", "is_superuser": false, "username": "jainny", "first_name": "", "last_name": "", "email": "jainny@gmail.com", "is_staff": false, "is_active": true, "date_joined": "2020-05-15T06:31:13.361Z", "groups": [1], "user_permissions": []}}, {"model": "auth.user", "pk": 59, "fields": {"password": "pbkdf2_sha256$180000$sWg7vEYOSJN5$o8qNWxGV0iB2oKaJ51iyYL1IxPBFsCFGM38xKyyeAa8=", "last_login": "2020-05-16T09:25:45.850Z", "is_superuser": false, "username": "bolo", "first_name": "", "last_name": "", "email": "bolo@gmail.com", "is_staff": false, "is_active": true, "date_joined": "2020-05-16T06:18:46.763Z", "groups": [2], "user_permissions": []}}, {"model": "auth.user", "pk": 60, "fields": {"password": "pbkdf2_sha256$180000$cU12RLlLgk8J$LFstQQYTRZWZqgaK51QJb+pFp7YPVKzrMA2Kharf+Fk=", "last_login": "2020-05-16T08:36:48.569Z", "is_superuser": false, "username": "bharat", "first_name": "", "last_name": "", "email": "bharat@gmail.com", "is_staff": false, "is_active": true, "date_joined": "2020-05-16T08:36:36.947Z", "groups": [1], "user_permissions": []}}, {"model": "auth.user", "pk": 61, "fields": {"password": "pbkdf2_sha256$180000$YkzLwaywOWNs$uQxgfzmuC+Onl6hpTt49/6SFyqxHiz//UhbHN5azD3o=", "last_login": "2020-05-17T18:29:55.675Z", "is_superuser": false, "username": "joker", "first_name": "", "last_name": "", "email": "joker@gmail.com", "is_staff": false, "is_active": true, "date_joined": "2020-05-17T18:29:44.846Z", "groups": [2], "user_permissions": []}}, {"model": "auth.user", "pk": 62, "fields": {"password": "pbkdf2_sha256$180000$P26x0RxrgCXq$ky6RfTamlKnGQ1bFGRcUg+qJZBVuoFQ0a48ziN+k+3Y=", "last_login": "2020-05-18T07:22:55.485Z", "is_superuser": false, "username": "uttam", "first_name": "", "last_name": "", "email": "uttam@gmail.com", "is_staff": false, "is_active": true, "date_joined": "2020-05-18T07:22:44.001Z", "groups": [1], "user_permissions": []}}, {"model": "auth.user", "pk": 63, "fields": {"password": "pbkdf2_sha256$180000$JW17WtTAEmmq$gT9b1ocC0CnDL4XchjSAVBm6M5QeRRdonJtwJUEC7V4=", "last_login": "2020-05-19T07:00:10.337Z", "is_superuser": false, "username": "lobo", "first_name": "", "last_name": "", "email": "lobo@gmail.com", "is_staff": false, "is_active": true, "date_joined": "2020-05-19T07:00:00.634Z", "groups": [2], "user_permissions": []}}, {"model": "auth.user", "pk": 64, "fields": {"password": "pbkdf2_sha256$180000$JoBBvu8JJ7Ef$VLEBbIItsLW52/wK2KBPGibbqD3d120IMa/wPJUfOZ8=", "last_login": "2020-05-26T06:57:09.445Z", "is_superuser": false, "username": "mika", "first_name": "", "last_name": "", "email": "mika@gmail.com", "is_staff": false, "is_active": true, "date_joined": "2020-05-19T19:07:03.326Z", "groups": [2], "user_permissions": []}}, {"model": "auth.user", "pk": 65, "fields": {"password": "pbkdf2_sha256$180000$hbDsivyjnXBb$u29DgI1aGV7kz6mOeZgxMdaux5NLe5jiqYGSYSU+0SI=", "last_login": "2020-05-19T20:03:21.663Z", "is_superuser": false, "username": "chola", "first_name": "", "last_name": "", "email": "chola@gmail.com", "is_staff": false, "is_active": true, "date_joined": "2020-05-19T20:03:05.986Z", "groups": [2], "user_permissions": []}}, {"model": "auth.user", "pk": 66, "fields": {"password": "pbkdf2_sha256$180000$HmzTUpRwd9wD$9EfIqS+9BjqOESXILoP36AgP3Up35t17bS90azvxS+A=", "last_login": "2020-05-21T09:36:58.525Z", "is_superuser": false, "username": "mila", "first_name": "", "last_name": "", "email": "mila@gmail.com", "is_staff": false, "is_active": true, "date_joined": "2020-05-21T09:36:49.043Z", "groups": [2], "user_permissions": []}}, {"model": "auth.user", "pk": 67, "fields": {"password": "pbkdf2_sha256$180000$1b6qqjceug1J$e4vU0vUMC9qOTA86cRZReTZGxDsMYx6obBLb+/q/R6I=", "last_login": "2021-01-15T08:02:12.264Z", "is_superuser": true, "username": "kirti123", "first_name": "", "last_name": "", "email": "kirti123@gmail.com", "is_staff": true, "is_active": true, "date_joined": "2021-01-15T07:15:15Z", "groups": [1, 2], "user_permissions": []}}, {"model": "admin.logentry", "pk": 1, "fields": {"action_time": "2020-04-28T16:37:04.930Z", "user": 1, "content_type": 7, "object_id": "1", "object_repr": "Morgan stanely", "action_flag": 1, "change_message": "[{\"added\": {}}]"}}, {"model": "admin.logentry", "pk": 2, "fields": {"action_time": "2020-04-28T16:37:13.519Z", "user": 1, "content_type": 7, "object_id": "2", "object_repr": "Oracle", "action_flag": 1, "change_message": "[{\"added\": {}}]"}}, {"model": "admin.logentry", "pk": 3, "fields": {"action_time": "2020-04-28T16:37:23.660Z", "user": 1, "content_type": 7, "object_id": "3", "object_repr": "Goldman sacs", "action_flag": 1, "change_message": "[{\"added\": {}}]"}}, {"model": "admin.logentry", "pk": 4, "fields": {"action_time": "2020-04-28T16:42:28.296Z", "user": 1, "content_type": 8, "object_id": "1", "object_repr": "java developer", "action_flag": 1, "change_message": "[{\"added\": {}}]"}}, {"model": "admin.logentry", "pk": 5, "fields": {"action_time": "2020-04-28T16:44:51.418Z", "user": 1, "content_type": 8, "object_id": "2", "object_repr": "Django developer", "action_flag": 1, "change_message": "[{\"added\": {}}]"}}, {"model": "admin.logentry", "pk": 6, "fields": {"action_time": "2020-04-28T17:18:20.542Z", "user": 1, "content_type": 9, "object_id": "1", "object_repr": "Harshit Jain", "action_flag": 1, "change_message": "[{\"added\": {}}]"}}, {"model": "admin.logentry", "pk": 7, "fields": {"action_time": "2020-04-28T17:19:20.549Z", "user": 1, "content_type": 9, "object_id": "2", "object_repr": "Pramit pujara", "action_flag": 1, "change_message": "[{\"added\": {}}]"}}, {"model": "admin.logentry", "pk": 8, "fields": {"action_time": "2020-04-28T17:53:22.515Z", "user": 1, "content_type": 9, "object_id": "3", "object_repr": "jain", "action_flag": 1, "change_message": "[{\"added\": {}}]"}}, {"model": "admin.logentry", "pk": 9, "fields": {"action_time": "2020-04-28T17:58:06.823Z", "user": 1, "content_type": 10, "object_id": "1", "object_repr": "appliedjobs object (1)", "action_flag": 1, "change_message": "[{\"added\": {}}]"}}, {"model": "admin.logentry", "pk": 10, "fields": {"action_time": "2020-04-28T18:01:57.188Z", "user": 1, "content_type": 10, "object_id": "1", "object_repr": "appliedjobs object (1)", "action_flag": 2, "change_message": "[]"}}, {"model": "admin.logentry", "pk": 11, "fields": {"action_time": "2020-04-28T18:02:06.293Z", "user": 1, "content_type": 10, "object_id": "2", "object_repr": "appliedjobs object (2)", "action_flag": 1, "change_message": "[{\"added\": {}}]"}}, {"model": "admin.logentry", "pk": 12, "fields": {"action_time": "2020-04-28T22:04:35.322Z", "user": 1, "content_type": 9, "object_id": "5", "object_repr": "", "action_flag": 3, "change_message": ""}}, {"model": "admin.logentry", "pk": 13, "fields": {"action_time": "2020-04-28T22:33:07.192Z", "user": 1, "content_type": 7, "object_id": "2", "object_repr": "Oracle", "action_flag": 3, "change_message": ""}}, {"model": "admin.logentry", "pk": 14, "fields": {"action_time": "2020-04-28T22:34:19.968Z", "user": 1, "content_type": 7, "object_id": "4", "object_repr": "Google", "action_flag": 3, "change_message": ""}}, {"model": "admin.logentry", "pk": 15, "fields": {"action_time": "2020-04-28T22:43:27.869Z", "user": 1, "content_type": 8, "object_id": "3", "object_repr": "Software developer", "action_flag": 3, "change_message": ""}}, {"model": "admin.logentry", "pk": 16, "fields": {"action_time": "2020-04-29T21:38:47.139Z", "user": 1, "content_type": 4, "object_id": "2", "object_repr": "bit", "action_flag": 3, "change_message": ""}}, {"model": "admin.logentry", "pk": 17, "fields": {"action_time": "2020-04-29T21:38:47.155Z", "user": 1, "content_type": 4, "object_id": "3", "object_repr": "pramit", "action_flag": 3, "change_message": ""}}, {"model": "admin.logentry", "pk": 18, "fields": {"action_time": "2020-04-29T21:46:59.972Z", "user": 1, "content_type": 7, "object_id": "6", "object_repr": "flipkart", "action_flag": 2, "change_message": "[{\"changed\": {\"fields\": [\"Company description\"]}}]"}}, {"model": "admin.logentry", "pk": 19, "fields": {"action_time": "2020-04-30T13:19:23.881Z", "user": 1, "content_type": 3, "object_id": "1", "object_repr": "employer", "action_flag": 1, "change_message": "[{\"added\": {}}]"}}, {"model": "admin.logentry", "pk": 20, "fields": {"action_time": "2020-04-30T13:20:40.572Z", "user": 1, "content_type": 3, "object_id": "2", "object_repr": "students", "action_flag": 1, "change_message": "[{\"added\": {}}]"}}, {"model": "admin.logentry", "pk": 21, "fields": {"action_time": "2020-04-30T21:18:31.827Z", "user": 1, "content_type": 3, "object_id": "1", "object_repr": "employer", "action_flag": 2, "change_message": "[{\"changed\": {\"fields\": [\"Permissions\"]}}]"}}, {"model": "admin.logentry", "pk": 22, "fields": {"action_time": "2020-04-30T21:18:37.737Z", "user": 1, "content_type": 3, "object_id": "2", "object_repr": "students", "action_flag": 2, "change_message": "[]"}}, {"model": "admin.logentry", "pk": 23, "fields": {"action_time": "2020-04-30T21:19:57.057Z", "user": 1, "content_type": 4, "object_id": "13", "object_repr": "harshit", "action_flag": 2, "change_message": "[{\"changed\": {\"fields\": [\"Groups\"]}}]"}}, {"model": "admin.logentry", "pk": 24, "fields": {"action_time": "2020-04-30T21:20:25.681Z", "user": 1, "content_type": 4, "object_id": "15", "object_repr": "monika", "action_flag": 2, "change_message": "[{\"changed\": {\"fields\": [\"Groups\"]}}]"}}, {"model": "admin.logentry", "pk": 25, "fields": {"action_time": "2020-04-30T22:35:17.745Z", "user": 1, "content_type": 4, "object_id": "16", "object_repr": "mummy", "action_flag": 2, "change_message": "[{\"changed\": {\"fields\": [\"Groups\"]}}]"}}, {"model": "admin.logentry", "pk": 26, "fields": {"action_time": "2020-04-30T23:12:44.771Z", "user": 1, "content_type": 9, "object_id": "6", "object_repr": "Harshit jain", "action_flag": 2, "change_message": "[{\"changed\": {\"fields\": [\"User\", \"Education\"]}}]"}}, {"model": "admin.logentry", "pk": 27, "fields": {"action_time": "2020-04-30T23:39:09.167Z", "user": 1, "content_type": 10, "object_id": "3", "object_repr": "appliedjobs object (3)", "action_flag": 1, "change_message": "[{\"added\": {}}]"}}, {"model": "admin.logentry", "pk": 28, "fields": {"action_time": "2020-04-30T23:39:27.911Z", "user": 1, "content_type": 10, "object_id": "4", "object_repr": "appliedjobs object (4)", "action_flag": 1, "change_message": "[{\"added\": {}}]"}}, {"model": "admin.logentry", "pk": 29, "fields": {"action_time": "2020-05-01T10:44:08.442Z", "user": 1, "content_type": 9, "object_id": "6", "object_repr": "Harshit jain", "action_flag": 2, "change_message": "[{\"changed\": {\"fields\": [\"Jobs\"]}}]"}}, {"model": "admin.logentry", "pk": 30, "fields": {"action_time": "2020-05-01T10:49:26.797Z", "user": 1, "content_type": 9, "object_id": "6", "object_repr": "Harshit jain", "action_flag": 2, "change_message": "[]"}}, {"model": "admin.logentry", "pk": 31, "fields": {"action_time": "2020-05-01T11:25:19.911Z", "user": 1, "content_type": 9, "object_id": "6", "object_repr": "Harshit jain", "action_flag": 2, "change_message": "[{\"changed\": {\"fields\": [\"Jobs\"]}}]"}}, {"model": "admin.logentry", "pk": 32, "fields": {"action_time": "2020-05-01T11:35:36.576Z", "user": 1, "content_type": 10, "object_id": "4", "object_repr": "appliedjobs object (4)", "action_flag": 2, "change_message": "[{\"changed\": {\"fields\": [\"User\"]}}]"}}, {"model": "admin.logentry", "pk": 33, "fields": {"action_time": "2020-05-01T11:48:28.274Z", "user": 1, "content_type": 9, "object_id": "6", "object_repr": "Harshit jain", "action_flag": 2, "change_message": "[{\"changed\": {\"fields\": [\"Rel\"]}}]"}}, {"model": "admin.logentry", "pk": 34, "fields": {"action_time": "2020-05-01T12:17:29.474Z", "user": 1, "content_type": 7, "object_id": "6", "object_repr": "flipkart", "action_flag": 2, "change_message": "[{\"changed\": {\"fields\": [\"Emp name\", \"Emp field\"]}}]"}}, {"model": "admin.logentry", "pk": 35, "fields": {"action_time": "2020-05-01T12:17:51.525Z", "user": 1, "content_type": 7, "object_id": "5", "object_repr": "Google", "action_flag": 2, "change_message": "[{\"changed\": {\"fields\": [\"Emp name\", \"Company description\", \"Emp field\"]}}]"}}, {"model": "admin.logentry", "pk": 36, "fields": {"action_time": "2020-05-01T12:18:20.215Z", "user": 1, "content_type": 7, "object_id": "3", "object_repr": "Goldman sacs", "action_flag": 2, "change_message": "[{\"changed\": {\"fields\": [\"Emp name\", \"Company description\", \"Emp field\"]}}]"}}, {"model": "admin.logentry", "pk": 37, "fields": {"action_time": "2020-05-01T12:18:53.328Z", "user": 1, "content_type": 7, "object_id": "1", "object_repr": "Morgan stanely", "action_flag": 2, "change_message": "[{\"changed\": {\"fields\": [\"Emp name\", \"Company description\", \"Emp field\"]}}]"}}, {"model": "admin.logentry", "pk": 38, "fields": {"action_time": "2020-05-01T13:28:19.068Z", "user": 1, "content_type": 10, "object_id": "4", "object_repr": "appliedjobs object (4)", "action_flag": 2, "change_message": "[{\"changed\": {\"fields\": [\"User\", \"Student\"]}}]"}}, {"model": "admin.logentry", "pk": 39, "fields": {"action_time": "2020-05-01T13:28:44.264Z", "user": 1, "content_type": 10, "object_id": "3", "object_repr": "appliedjobs object (3)", "action_flag": 3, "change_message": ""}}, {"model": "admin.logentry", "pk": 40, "fields": {"action_time": "2020-05-01T13:28:44.268Z", "user": 1, "content_type": 10, "object_id": "2", "object_repr": "appliedjobs object (2)", "action_flag": 3, "change_message": ""}}, {"model": "admin.logentry", "pk": 41, "fields": {"action_time": "2020-05-01T13:28:44.276Z", "user": 1, "content_type": 10, "object_id": "1", "object_repr": "appliedjobs object (1)", "action_flag": 3, "change_message": ""}}, {"model": "admin.logentry", "pk": 42, "fields": {"action_time": "2020-05-01T13:29:52.175Z", "user": 1, "content_type": 8, "object_id": "5", "object_repr": "animatin and graphic", "action_flag": 2, "change_message": "[{\"changed\": {\"fields\": [\"Jobtitle\", \"Jobcategory\", \"Criteria\"]}}]"}}, {"model": "admin.logentry", "pk": 43, "fields": {"action_time": "2020-05-01T13:30:13.817Z", "user": 1, "content_type": 8, "object_id": "2", "object_repr": "Django developer", "action_flag": 2, "change_message": "[{\"changed\": {\"fields\": [\"Jobcategory\", \"Criteria\"]}}]"}}, {"model": "admin.logentry", "pk": 44, "fields": {"action_time": "2020-05-01T13:30:30.823Z", "user": 1, "content_type": 8, "object_id": "4", "object_repr": "Software developer", "action_flag": 2, "change_message": "[{\"changed\": {\"fields\": [\"Jobcategory\", \"Criteria\"]}}]"}}, {"model": "admin.logentry", "pk": 45, "fields": {"action_time": "2020-05-01T13:30:48.876Z", "user": 1, "content_type": 8, "object_id": "1", "object_repr": "java developer", "action_flag": 2, "change_message": "[{\"changed\": {\"fields\": [\"Jobcategory\", \"Criteria\"]}}]"}}, {"model": "admin.logentry", "pk": 46, "fields": {"action_time": "2020-05-01T13:58:06.958Z", "user": 1, "content_type": 10, "object_id": "4", "object_repr": "appliedjobs object (4)", "action_flag": 2, "change_message": "[{\"changed\": {\"fields\": [\"User\"]}}]"}}, {"model": "admin.logentry", "pk": 47, "fields": {"action_time": "2020-05-01T14:20:34.112Z", "user": 1, "content_type": 4, "object_id": "16", "object_repr": "mummy", "action_flag": 2, "change_message": "[]"}}, {"model": "admin.logentry", "pk": 48, "fields": {"action_time": "2020-05-01T14:21:05.973Z", "user": 1, "content_type": 10, "object_id": "4", "object_repr": "appliedjobs object (4)", "action_flag": 2, "change_message": "[{\"changed\": {\"fields\": [\"Student\"]}}]"}}, {"model": "admin.logentry", "pk": 49, "fields": {"action_time": "2020-05-01T14:23:09.765Z", "user": 1, "content_type": 7, "object_id": "1", "object_repr": "Morgan stanely", "action_flag": 2, "change_message": "[{\"changed\": {\"fields\": [\"User\"]}}]"}}, {"model": "admin.logentry", "pk": 50, "fields": {"action_time": "2020-05-01T18:40:18.737Z", "user": 1, "content_type": 9, "object_id": "6", "object_repr": "Harshit jain", "action_flag": 2, "change_message": "[{\"changed\": {\"fields\": [\"Pic\"]}}]"}}, {"model": "admin.logentry", "pk": 51, "fields": {"action_time": "2020-05-01T20:04:46.548Z", "user": 1, "content_type": 9, "object_id": "6", "object_repr": "Harshit jain", "action_flag": 2, "change_message": "[]"}}, {"model": "admin.logentry", "pk": 52, "fields": {"action_time": "2020-05-01T20:30:10.206Z", "user": 1, "content_type": 9, "object_id": "9", "object_repr": "Anuj Sahu", "action_flag": 1, "change_message": "[{\"added\": {}}]"}}, {"model": "admin.logentry", "pk": 53, "fields": {"action_time": "2020-05-02T11:36:05.974Z", "user": 1, "content_type": 7, "object_id": "1", "object_repr": "Morgan stanely", "action_flag": 2, "change_message": "[]"}}, {"model": "admin.logentry", "pk": 54, "fields": {"action_time": "2020-05-02T11:37:50.719Z", "user": 1, "content_type": 7, "object_id": "7", "object_repr": "amazon", "action_flag": 1, "change_message": "[{\"added\": {}}]"}}, {"model": "admin.logentry", "pk": 55, "fields": {"action_time": "2020-05-02T11:38:40.629Z", "user": 1, "content_type": 7, "object_id": "1", "object_repr": "Morgan stanely", "action_flag": 2, "change_message": "[{\"changed\": {\"fields\": [\"User\"]}}]"}}, {"model": "admin.logentry", "pk": 56, "fields": {"action_time": "2020-05-02T11:38:55.299Z", "user": 1, "content_type": 7, "object_id": "7", "object_repr": "amazon", "action_flag": 2, "change_message": "[{\"changed\": {\"fields\": [\"User\"]}}]"}}, {"model": "admin.logentry", "pk": 57, "fields": {"action_time": "2020-05-02T12:08:49.556Z", "user": 1, "content_type": 8, "object_id": "6", "object_repr": "data science", "action_flag": 1, "change_message": "[{\"added\": {}}]"}}, {"model": "admin.logentry", "pk": 58, "fields": {"action_time": "2020-05-02T12:52:50.933Z", "user": 1, "content_type": 8, "object_id": "7", "object_repr": "animatin and graphic", "action_flag": 2, "change_message": "[{\"changed\": {\"fields\": [\"Jobtitle\", \"Jobcategory\", \"Criteria\", \"Employer\"]}}]"}}, {"model": "admin.logentry", "pk": 59, "fields": {"action_time": "2020-05-02T13:31:34.881Z", "user": 1, "content_type": 8, "object_id": "8", "object_repr": "artist", "action_flag": 2, "change_message": "[{\"changed\": {\"fields\": [\"Jobcategory\", \"Criteria\"]}}]"}}, {"model": "admin.logentry", "pk": 60, "fields": {"action_time": "2020-05-02T13:35:29.620Z", "user": 1, "content_type": 8, "object_id": "9", "object_repr": "Software developer", "action_flag": 2, "change_message": "[{\"changed\": {\"fields\": [\"Jobcategory\", \"Criteria\"]}}]"}}, {"model": "admin.logentry", "pk": 61, "fields": {"action_time": "2020-05-02T13:39:09.596Z", "user": 1, "content_type": 7, "object_id": "10", "object_repr": "amazon", "action_flag": 3, "change_message": ""}}, {"model": "admin.logentry", "pk": 62, "fields": {"action_time": "2020-05-02T13:39:29.263Z", "user": 1, "content_type": 7, "object_id": "9", "object_repr": "juka", "action_flag": 3, "change_message": ""}}, {"model": "admin.logentry", "pk": 63, "fields": {"action_time": "2020-05-02T13:44:00.366Z", "user": 1, "content_type": 7, "object_id": "11", "object_repr": "amazon", "action_flag": 3, "change_message": ""}}, {"model": "admin.logentry", "pk": 64, "fields": {"action_time": "2020-05-02T13:44:10.907Z", "user": 1, "content_type": 7, "object_id": "8", "object_repr": "ntpc", "action_flag": 3, "change_message": ""}}, {"model": "admin.logentry", "pk": 65, "fields": {"action_time": "2020-05-02T13:53:13.794Z", "user": 1, "content_type": 8, "object_id": "12", "object_repr": "Software developer", "action_flag": 2, "change_message": "[{\"changed\": {\"fields\": [\"Jobcategory\", \"Criteria\", \"Employer\"]}}]"}}, {"model": "admin.logentry", "pk": 66, "fields": {"action_time": "2020-05-02T14:02:50.288Z", "user": 1, "content_type": 4, "object_id": "29", "object_repr": "dola", "action_flag": 3, "change_message": ""}}, {"model": "admin.logentry", "pk": 67, "fields": {"action_time": "2020-05-03T17:47:02.405Z", "user": 1, "content_type": 7, "object_id": "7", "object_repr": "amazon", "action_flag": 2, "change_message": "[{\"changed\": {\"fields\": [\"User\"]}}]"}}, {"model": "admin.logentry", "pk": 68, "fields": {"action_time": "2020-05-03T17:47:15.698Z", "user": 1, "content_type": 7, "object_id": "5", "object_repr": "Google", "action_flag": 2, "change_message": "[{\"changed\": {\"fields\": [\"User\"]}}]"}}, {"model": "admin.logentry", "pk": 69, "fields": {"action_time": "2020-05-05T12:57:10.651Z", "user": 1, "content_type": 8, "object_id": "25", "object_repr": "Accountant", "action_flag": 2, "change_message": "[{\"changed\": {\"fields\": [\"Employer\"]}}]"}}, {"model": "admin.logentry", "pk": 70, "fields": {"action_time": "2020-05-06T09:52:30.831Z", "user": 1, "content_type": 10, "object_id": "5", "object_repr": "appliedjobs object (5)", "action_flag": 1, "change_message": "[{\"added\": {}}]"}}, {"model": "admin.logentry", "pk": 71, "fields": {"action_time": "2020-05-06T14:01:42.377Z", "user": 1, "content_type": 10, "object_id": "10", "object_repr": "appliedjobs object (10)", "action_flag": 3, "change_message": ""}}, {"model": "admin.logentry", "pk": 72, "fields": {"action_time": "2020-05-06T14:01:42.393Z", "user": 1, "content_type": 10, "object_id": "9", "object_repr": "appliedjobs object (9)", "action_flag": 3, "change_message": ""}}, {"model": "admin.logentry", "pk": 73, "fields": {"action_time": "2020-05-06T14:01:52.772Z", "user": 1, "content_type": 10, "object_id": "8", "object_repr": "appliedjobs object (8)", "action_flag": 3, "change_message": ""}}, {"model": "admin.logentry", "pk": 74, "fields": {"action_time": "2020-05-06T14:02:27.561Z", "user": 1, "content_type": 10, "object_id": "7", "object_repr": "appliedjobs object (7)", "action_flag": 3, "change_message": ""}}, {"model": "admin.logentry", "pk": 75, "fields": {"action_time": "2020-05-06T14:02:27.576Z", "user": 1, "content_type": 10, "object_id": "5", "object_repr": "appliedjobs object (5)", "action_flag": 3, "change_message": ""}}, {"model": "admin.logentry", "pk": 76, "fields": {"action_time": "2020-05-07T15:40:32.101Z", "user": 1, "content_type": 9, "object_id": "34", "object_repr": "boss jain", "action_flag": 2, "change_message": "[{\"changed\": {\"fields\": [\"Status\"]}}]"}}, {"model": "admin.logentry", "pk": 77, "fields": {"action_time": "2020-05-08T07:28:44.709Z", "user": 1, "content_type": 8, "object_id": "33", "object_repr": "Software developer", "action_flag": 2, "change_message": "[{\"changed\": {\"fields\": [\"Jobskills\", \"Status\"]}}]"}}, {"model": "admin.logentry", "pk": 78, "fields": {"action_time": "2020-05-13T06:44:01.314Z", "user": 1, "content_type": 8, "object_id": "34", "object_repr": "Software developer", "action_flag": 2, "change_message": "[{\"changed\": {\"fields\": [\"Status\"]}}]"}}, {"model": "admin.logentry", "pk": 79, "fields": {"action_time": "2020-05-18T08:51:11.560Z", "user": 1, "content_type": 15, "object_id": "1", "object_repr": "Kajal Jain->Mazon Pvt.Limited ", "action_flag": 3, "change_message": ""}}, {"model": "admin.logentry", "pk": 80, "fields": {"action_time": "2020-05-18T09:23:13.490Z", "user": 1, "content_type": 15, "object_id": "2", "object_repr": "Kajal Jain->Mazon Pvt.Limited bjain", "action_flag": 3, "change_message": ""}}, {"model": "admin.logentry", "pk": 81, "fields": {"action_time": "2020-05-20T07:46:16.885Z", "user": 1, "content_type": 15, "object_id": "16", "object_repr": "technical assistant", "action_flag": 3, "change_message": ""}}, {"model": "admin.logentry", "pk": 82, "fields": {"action_time": "2020-05-20T07:46:16.899Z", "user": 1, "content_type": 15, "object_id": "15", "object_repr": "technical assistant", "action_flag": 3, "change_message": ""}}, {"model": "admin.logentry", "pk": 83, "fields": {"action_time": "2020-05-20T07:46:16.906Z", "user": 1, "content_type": 15, "object_id": "14", "object_repr": "technical assistant", "action_flag": 3, "change_message": ""}}, {"model": "admin.logentry", "pk": 84, "fields": {"action_time": "2020-05-20T07:46:16.915Z", "user": 1, "content_type": 15, "object_id": "13", "object_repr": "technical assistant", "action_flag": 3, "change_message": ""}}, {"model": "admin.logentry", "pk": 85, "fields": {"action_time": "2020-05-20T07:46:16.925Z", "user": 1, "content_type": 15, "object_id": "12", "object_repr": "do coding", "action_flag": 3, "change_message": ""}}, {"model": "admin.logentry", "pk": 86, "fields": {"action_time": "2020-05-20T07:46:16.931Z", "user": 1, "content_type": 15, "object_id": "11", "object_repr": "painter", "action_flag": 3, "change_message": ""}}, {"model": "admin.logentry", "pk": 87, "fields": {"action_time": "2020-05-20T07:46:36.108Z", "user": 1, "content_type": 15, "object_id": "10", "object_repr": "Software developer", "action_flag": 3, "change_message": ""}}, {"model": "admin.logentry", "pk": 88, "fields": {"action_time": "2020-05-20T07:46:36.123Z", "user": 1, "content_type": 15, "object_id": "9", "object_repr": "Software developer", "action_flag": 3, "change_message": ""}}, {"model": "admin.logentry", "pk": 89, "fields": {"action_time": "2020-05-20T07:46:36.123Z", "user": 1, "content_type": 15, "object_id": "8", "object_repr": "Software developer", "action_flag": 3, "change_message": ""}}, {"model": "admin.logentry", "pk": 90, "fields": {"action_time": "2020-05-20T07:46:36.139Z", "user": 1, "content_type": 15, "object_id": "7", "object_repr": "Software developer", "action_flag": 3, "change_message": ""}}, {"model": "admin.logentry", "pk": 91, "fields": {"action_time": "2020-05-20T07:46:36.139Z", "user": 1, "content_type": 15, "object_id": "6", "object_repr": "Software developer", "action_flag": 3, "change_message": ""}}, {"model": "admin.logentry", "pk": 92, "fields": {"action_time": "2020-05-20T07:46:36.155Z", "user": 1, "content_type": 15, "object_id": "5", "object_repr": "Software developer", "action_flag": 3, "change_message": ""}}, {"model": "admin.logentry", "pk": 93, "fields": {"action_time": "2020-05-20T07:46:36.155Z", "user": 1, "content_type": 15, "object_id": "4", "object_repr": "Software developer", "action_flag": 3, "change_message": ""}}, {"model": "admin.logentry", "pk": 94, "fields": {"action_time": "2020-05-20T07:46:36.170Z", "user": 1, "content_type": 15, "object_id": "3", "object_repr": "Software developer", "action_flag": 3, "change_message": ""}}, {"model": "admin.logentry", "pk": 95, "fields": {"action_time": "2020-05-20T22:56:27.745Z", "user": 1, "content_type": 16, "object_id": "1", "object_repr": "Djangobyharshit", "action_flag": 1, "change_message": "[{\"added\": {}}]"}}, {"model": "admin.logentry", "pk": 96, "fields": {"action_time": "2020-05-21T00:34:21.905Z", "user": 1, "content_type": 16, "object_id": "2", "object_repr": "flaskbyHarshit", "action_flag": 1, "change_message": "[{\"added\": {}}]"}}, {"model": "admin.logentry", "pk": 97, "fields": {"action_time": "2020-05-21T00:37:06.874Z", "user": 1, "content_type": 16, "object_id": "2", "object_repr": "flaskbyHarshit", "action_flag": 2, "change_message": "[{\"changed\": {\"fields\": [\"Content\"]}}]"}}, {"model": "admin.logentry", "pk": 98, "fields": {"action_time": "2020-05-21T00:38:48.404Z", "user": 1, "content_type": 16, "object_id": "2", "object_repr": "flaskbyHarshit", "action_flag": 2, "change_message": "[{\"changed\": {\"fields\": [\"Slug\"]}}]"}}, {"model": "admin.logentry", "pk": 99, "fields": {"action_time": "2020-05-21T00:41:17.824Z", "user": 1, "content_type": 16, "object_id": "2", "object_repr": "flaskbyHarshit", "action_flag": 2, "change_message": "[{\"changed\": {\"fields\": [\"Content\", \"Slug\"]}}]"}}, {"model": "admin.logentry", "pk": 100, "fields": {"action_time": "2021-01-15T07:16:00.892Z", "user": 67, "content_type": 4, "object_id": "67", "object_repr": "kirti123", "action_flag": 2, "change_message": "[{\"changed\": {\"fields\": [\"Groups\"]}}]"}}, {"model": "admin.logentry", "pk": 101, "fields": {"action_time": "2021-01-15T08:01:09.832Z", "user": 67, "content_type": 7, "object_id": "6", "object_repr": "flipkart", "action_flag": 2, "change_message": "[{\"changed\": {\"fields\": [\"User\"]}}]"}}, {"model": "emp.blogcomment", "pk": 1, "fields": {"comment": "I want to know about django", "user": 40, "post": 1, "parent": null, "timestamp": "2020-05-20T23:27:25.309Z"}}, {"model": "emp.blogcomment", "pk": 2, "fields": {"comment": "thank you", "user": 40, "post": 1, "parent": null, "timestamp": "2020-05-20T23:33:51.696Z"}}, {"model": "emp.blogcomment", "pk": 3, "fields": {"comment": "great work", "user": 40, "post": 1, "parent": 1, "timestamp": "2020-05-20T23:34:15.975Z"}}, {"model": "emp.blogcomment", "pk": 4, "fields": {"comment": "i like icecream", "user": 40, "post": 1, "parent": null, "timestamp": "2020-05-21T00:08:36.961Z"}}, {"model": "emp.blogcomment", "pk": 5, "fields": {"comment": "nice", "user": 40, "post": 1, "parent": null, "timestamp": "2020-05-21T00:12:58.394Z"}}, {"model": "emp.blogcomment", "pk": 6, "fields": {"comment": "yaa", "user": 64, "post": 1, "parent": 2, "timestamp": "2020-05-21T00:14:02.227Z"}}, {"model": "emp.blogcomment", "pk": 7, "fields": {"comment": "nice but i prefer django", "user": 64, "post": 2, "parent": null, "timestamp": "2020-05-21T00:42:44.206Z"}}, {"model": "emp.blogcomment", "pk": 8, "fields": {"comment": "nice one", "user": 64, "post": 1, "parent": null, "timestamp": "2020-05-22T09:38:16.948Z"}}, {"model": "emp.student", "pk": 1, "fields": {"user": null, "name": "Harshit Jain", "mail": " ", "phno": "0", "address": " ", "education": " ", "degree": " ", "startyear": 2020, "endyear": 2020, "gpa": "0", "skills": "python,django", "experience": "done training in python", "Spokentest_score": 0.0, "about": " ", "pic": "", "github": " ", "Linkedin": " ", "upload_your_work": "", "date_created": "2020-05-01"}}, {"model": "emp.student", "pk": 2, "fields": {"user": null, "name": "Pramit pujara", "mail": " ", "phno": "0", "address": " ", "education": " ", "degree": " ", "startyear": 2020, "endyear": 2020, "gpa": "0", "skills": "java,spring", "experience": "worked in projects", "Spokentest_score": 0.0, "about": " ", "pic": "", "github": " ", "Linkedin": " ", "upload_your_work": "", "date_created": "2020-05-01"}}, {"model": "emp.student", "pk": 3, "fields": {"user": null, "name": "jain", "mail": " ", "phno": "0", "address": " ", "education": " ", "degree": " ", "startyear": 2020, "endyear": 2020, "gpa": "0", "skills": "java,spring", "experience": "worked in projects", "Spokentest_score": 0.0, "about": " ", "pic": "", "github": " ", "Linkedin": " ", "upload_your_work": "", "date_created": "2020-05-01"}}, {"model": "emp.student", "pk": 4, "fields": {"user": null, "name": "dolu", "mail": " ", "phno": "0", "address": " ", "education": " ", "degree": " ", "startyear": 2020, "endyear": 2020, "gpa": "0", "skills": "java,spring,ml", "experience": "worked on the project", "Spokentest_score": 0.0, "about": " ", "pic": "", "github": " ", "Linkedin": " ", "upload_your_work": "", "date_created": "2020-05-01"}}, {"model": "emp.student", "pk": 6, "fields": {"user": 15, "name": "Harshit jain", "mail": " ", "phno": "0", "address": " ", "education": "Nit Agartala", "degree": " ", "startyear": 2020, "endyear": 2020, "gpa": "0", "skills": "java,html,django", "experience": "worked on the project", "Spokentest_score": 0.0, "about": " ", "pic": "", "github": " ", "Linkedin": " ", "upload_your_work": "", "date_created": "2020-05-01"}}, {"model": "emp.student", "pk": 7, "fields": {"user": null, "name": "jolu", "mail": " ", "phno": "0", "address": " ", "education": " ", "degree": " ", "startyear": 2020, "endyear": 2020, "gpa": "0", "skills": "unity", "experience": "done many projects", "Spokentest_score": 0.0, "about": " ", "pic": "", "github": " ", "Linkedin": " ", "upload_your_work": "", "date_created": "2020-05-01"}}, {"model": "emp.student", "pk": 8, "fields": {"user": 25, "name": " ", "mail": " ", "phno": "0", "address": " ", "education": " ", "degree": " ", "startyear": 2020, "endyear": 2020, "gpa": "0", "skills": "", "experience": "", "Spokentest_score": 0.0, "about": " ", "pic": "", "github": " ", "Linkedin": " ", "upload_your_work": "", "date_created": "2020-05-01"}}, {"model": "emp.student", "pk": 9, "fields": {"user": null, "name": "Anuj Sahu", "mail": " ", "phno": "0", "address": " ", "education": "NIT Agartala", "degree": " ", "startyear": 2020, "endyear": 2020, "gpa": "0", "skills": "data structures and algorithms", "experience": "solved many real life problems", "Spokentest_score": 0.0, "about": " ", "pic": "pro1.png", "github": " ", "Linkedin": " ", "upload_your_work": "", "date_created": "2020-05-02"}}, {"model": "emp.student", "pk": 10, "fields": {"user": 26, "name": " ", "mail": " ", "phno": "0", "address": " ", "education": " ", "degree": " ", "startyear": 2020, "endyear": 2020, "gpa": "0", "skills": "", "experience": "", "Spokentest_score": 0.0, "about": " ", "pic": "pro1.png", "github": " ", "Linkedin": " ", "upload_your_work": "", "date_created": "2020-05-02"}}, {"model": "emp.student", "pk": 11, "fields": {"user": 27, "name": "Baivaw", "mail": " ", "phno": "0", "address": " ", "education": "NIT Agartala", "degree": " ", "startyear": 2020, "endyear": 2020, "gpa": "0", "skills": "graphics,unity", "experience": "solved many real life problems", "Spokentest_score": 0.0, "about": " ", "pic": "pro1.png", "github": " ", "Linkedin": " ", "upload_your_work": "", "date_created": "2020-05-02"}}, {"model": "emp.student", "pk": 12, "fields": {"user": 28, "name": "Tony", "mail": " ", "phno": "0", "address": " ", "education": "IIT Bombay", "degree": " ", "startyear": 2020, "endyear": 2020, "gpa": "0", "skills": "java,python", "experience": "worked in projects", "Spokentest_score": 0.0, "about": " ", "pic": "pro1.png", "github": " ", "Linkedin": " ", "upload_your_work": "", "date_created": "2020-05-02"}}, {"model": "emp.student", "pk": 14, "fields": {"user": 30, "name": "omjain", "mail": " ", "phno": "0", "address": " ", "education": "cbse", "degree": " ", "startyear": 2020, "endyear": 2020, "gpa": "0", "skills": "dance", "experience": "exams", "Spokentest_score": 0.0, "about": " ", "pic": "pro1.png", "github": " ", "Linkedin": " ", "upload_your_work": "", "date_created": "2020-05-02"}}, {"model": "emp.student", "pk": 15, "fields": {"user": 31, "name": "gooly", "mail": " ", "phno": "0", "address": " ", "education": " ", "degree": " ", "startyear": 2020, "endyear": 2020, "gpa": "0", "skills": "", "experience": "", "Spokentest_score": 0.0, "about": " ", "pic": "pro1.png", "github": " ", "Linkedin": " ", "upload_your_work": "", "date_created": "2020-05-02"}}, {"model": "emp.student", "pk": 16, "fields": {"user": 32, "name": "gooly11", "mail": " ", "phno": "0", "address": " ", "education": " ", "degree": " ", "startyear": 2020, "endyear": 2020, "gpa": "0", "skills": "", "experience": "", "Spokentest_score": 0.0, "about": " ", "pic": "pro1.png", "github": " ", "Linkedin": " ", "upload_your_work": "", "date_created": "2020-05-02"}}, {"model": "emp.student", "pk": 17, "fields": {"user": 33, "name": "hero11", "mail": " ", "phno": "0", "address": " ", "education": "NIT Agartala", "degree": " ", "startyear": 2020, "endyear": 2020, "gpa": "0", "skills": "data structures and algorithms", "experience": "worked on the project", "Spokentest_score": 0.0, "about": " ", "pic": "pro1.png", "github": " ", "Linkedin": " ", "upload_your_work": "", "date_created": "2020-05-02"}}, {"model": "emp.student", "pk": 18, "fields": {"user": 34, "name": "dola", "mail": " ", "phno": "0", "address": " ", "education": " ", "degree": " ", "startyear": 2020, "endyear": 2020, "gpa": "0", "skills": "", "experience": "", "Spokentest_score": 0.0, "about": " ", "pic": "pro1.png", "github": " ", "Linkedin": " ", "upload_your_work": "", "date_created": "2020-05-02"}}, {"model": "emp.student", "pk": 19, "fields": {"user": 35, "name": "Hemat", "mail": " ", "phno": "0", "address": " ", "education": " ", "degree": " ", "startyear": 2020, "endyear": 2020, "gpa": "0", "skills": "", "experience": "", "Spokentest_score": 0.0, "about": " ", "pic": "pro1.png", "github": " ", "Linkedin": " ", "upload_your_work": "", "date_created": "2020-05-04"}}, {"model": "emp.student", "pk": 20, "fields": {"user": 36, "name": "anju", "mail": " ", "phno": "0", "address": " ", "education": " ", "degree": " ", "startyear": 2020, "endyear": 2020, "gpa": "0", "skills": "", "experience": "", "Spokentest_score": 0.0, "about": " ", "pic": "pro1.png", "github": " ", "Linkedin": " ", "upload_your_work": "", "date_created": "2020-05-04"}}, {"model": "emp.student", "pk": 21, "fields": {"user": 37, "name": "ritesh", "mail": " ", "phno": "0", "address": " ", "education": " ", "degree": " ", "startyear": 2020, "endyear": 2020, "gpa": "0", "skills": "", "experience": "", "Spokentest_score": 0.0, "about": " ", "pic": "pro1.png", "github": " ", "Linkedin": " ", "upload_your_work": "", "date_created": "2020-05-04"}}, {"model": "emp.student", "pk": 22, "fields": {"user": 39, "name": " ", "mail": " ", "phno": "0", "address": " ", "education": " ", "degree": " ", "startyear": 2020, "endyear": 2020, "gpa": "0", "skills": "", "experience": "", "Spokentest_score": 0.0, "about": " ", "pic": "pro1.png", "github": " ", "Linkedin": " ", "upload_your_work": "", "date_created": "2020-05-04"}}, {"model": "emp.student", "pk": 23, "fields": {"user": 40, "name": "Kajal Jain", "mail": "jain@kajal.com", "phno": "98392918", "address": "Kolkata West bengal", "education": "NIT Agartala", "degree": "Computer science", "startyear": 2016, "endyear": 2020, "gpa": "9", "skills": "data structures and algorithms,Machine learning,python,graphics,animations,java,c,c++", "experience": "worked on the project. I am newly introduced. I love data structures and algorithms. My performance Test Score in spoken tutorial test is 95..I believe in quality work within stipulated time.made projects on NLP ,sentence contradiction, skills recommendation work,sentiment analysis.", "Spokentest_score": 90.4, "about": "I like Machine leaning.I have done many projects on \r\ntopics like recommendation system. I am currently in second year having excellent academic background.I learn to explore,learn and implement the stuffs to which I am newly introduced. I love data structures and algorithms. My performance Test Score in spoken tutorial test is 95..I believe in quality work within stipulated time.", "pic": "pro1.png", "github": "https://github.com/HarshitDolu", "Linkedin": "https://www.linkedin.com/in/harshitjain-nita", "upload_your_work": "documents/Screenshot_64.png", "date_created": "2020-05-05"}}, {"model": "emp.student", "pk": 24, "fields": {"user": 42, "name": " ", "mail": " ", "phno": "0", "address": " ", "education": " ", "degree": " ", "startyear": 2020, "endyear": 2020, "gpa": "0", "skills": "", "experience": " ", "Spokentest_score": 0.0, "about": " ", "pic": "pro1.png", "github": " ", "Linkedin": " ", "upload_your_work": "", "date_created": "2020-05-06"}}, {"model": "emp.student", "pk": 25, "fields": {"user": 43, "name": " ", "mail": " ", "phno": "0", "address": " ", "education": " ", "degree": " ", "startyear": 2020, "endyear": 2020, "gpa": "0", "skills": "", "experience": " ", "Spokentest_score": 0.0, "about": " ", "pic": "pro1.png", "github": " ", "Linkedin": " ", "upload_your_work": "", "date_created": "2020-05-06"}}, {"model": "emp.student", "pk": 26, "fields": {"user": 44, "name": " ", "mail": " ", "phno": "0", "address": " ", "education": " ", "degree": " ", "startyear": 2020, "endyear": 2020, "gpa": "0", "skills": "", "experience": " ", "Spokentest_score": 0.0, "about": " ", "pic": "pro1.png", "github": " ", "Linkedin": " ", "upload_your_work": "", "date_created": "2020-05-06"}}, {"model": "emp.student", "pk": 27, "fields": {"user": 45, "name": "Akbar Hussain", "mail": "joma@gmail.com", "phno": "4783838", "address": "Kolkata West bengal", "education": "NIT Agartala", "degree": "Computer science", "startyear": 2015, "endyear": 2019, "gpa": "9", "skills": "graphics,unity", "experience": "excellent", "Spokentest_score": 94.3, "about": "good at work", "pic": "pro1.png", "github": "https://github.com/HarshitDolu", "Linkedin": "https://github.com/HarshitDolu", "upload_your_work": "", "date_created": "2020-05-06"}}, {"model": "emp.student", "pk": 28, "fields": {"user": 46, "name": "Moli jain", "mail": "moli@gmail.com", "phno": "9272982", "address": "Kolkata West bengal", "education": "IIT Bombay", "degree": "Computer science", "startyear": 2020, "endyear": 2020, "gpa": "8", "skills": "data structures and algorithms,Machine learning,python,graphics", "experience": "worked under this project", "Spokentest_score": 94.3, "about": "I love to do technical stuff.I am a DSA programmer", "pic": "pro1.png", "github": "https://github.com/HarshitDolu", "Linkedin": "https://github.com/HarshitDolu", "upload_your_work": "", "date_created": "2020-05-06"}}, {"model": "emp.student", "pk": 29, "fields": {"user": 47, "name": "hera jain", "mail": "hera@gmail.com", "phno": "838298", "address": "Kolkata West bengal", "education": "IIT Bombay", "degree": "Computer science", "startyear": 2020, "endyear": 2020, "gpa": "9", "skills": "data structures and algorithms,Machine learning,python,graphics", "experience": "great", "Spokentest_score": 9.3, "about": "experienced", "pic": "pro1.png", "github": "https://github.com/HarshitDolu", "Linkedin": "https://github.com/HarshitDolu", "upload_your_work": "", "date_created": "2020-05-07"}}, {"model": "emp.student", "pk": 30, "fields": {"user": 48, "name": "puma jain", "mail": "puma@gmail.com", "phno": "74897", "address": "Kolkata West bengal", "education": "NIT Agartala", "degree": "Computer science", "startyear": 2020, "endyear": 2020, "gpa": "9", "skills": "data structures and algorithms,Machine learning,python,graphics", "experience": "worked in this topic", "Spokentest_score": 9.6, "about": "I love tech stuffs", "pic": "pro1.png", "github": "https://github.com/HarshitDolu", "Linkedin": "https://github.com/HarshitDolu", "upload_your_work": "", "date_created": "2020-05-07"}}, {"model": "emp.student", "pk": 31, "fields": {"user": 49, "name": "golu jain", "mail": "golu@gmail.com", "phno": "72799766", "address": "Kolkata West bengal", "education": "NIT Agartala", "degree": "Computer science", "startyear": 2020, "endyear": 2020, "gpa": "8", "skills": "data structures and algorithms,Machine learning,python,graphics", "experience": "worked in this project", "Spokentest_score": 9.7, "about": "love tech stuffs", "pic": "pro1.png", "github": "https://github.com/HarshitDolu", "Linkedin": "https://github.com/HarshitDolu", "upload_your_work": "", "date_created": "2020-05-07"}}, {"model": "emp.student", "pk": 32, "fields": {"user": 50, "name": "poli jain", "mail": "poli@gmail.com", "phno": "62978376", "address": "Kolkata West bengal", "education": "NIT Agartala", "degree": "Computer science", "startyear": 2012, "endyear": 2016, "gpa": "9", "skills": "graphics,unity", "experience": "done many times", "Spokentest_score": 9.7, "about": "love tech", "pic": "pro1.png", "github": "https://github.com/HarshitDolu", "Linkedin": "https://github.com/HarshitDolu", "upload_your_work": "", "date_created": "2020-05-07"}}, {"model": "emp.student", "pk": 33, "fields": {"user": 51, "name": "kopo", "mail": "kopo@gmail.com", "phno": "282789", "address": "Kolkata West bengal", "education": "IIT Bombay", "degree": "Computer science", "startyear": 2020, "endyear": 2020, "gpa": "7", "skills": "machine learning", "experience": "worked in this topic", "Spokentest_score": 7.9, "about": "love tech stuffs", "pic": "pro1.png", "github": "https://github.com/HarshitDolu", "Linkedin": "https://github.com/HarshitDolu", "upload_your_work": "", "date_created": "2020-05-07"}}, {"model": "emp.student", "pk": 34, "fields": {"user": 52, "name": "boss jain", "mail": "boss@gmail.com", "phno": "7267367", "address": "Kolkata West bengal", "education": "NIT Agartala", "degree": "Computer science", "startyear": 2020, "endyear": 2020, "gpa": "9", "skills": "java,html,python", "experience": "worked on the project", "Spokentest_score": 9.6, "about": "love tech", "pic": "pro1.png", "github": "https://github.com/HarshitDolu", "Linkedin": "https://github.com/HarshitDolu", "upload_your_work": "", "date_created": "2020-05-07"}}, {"model": "emp.student", "pk": 35, "fields": {"user": 54, "name": "usha jain", "mail": "usha@gmail.com", "phno": "672638628", "address": "Kolkata West bengal", "education": "NIT Agartala", "degree": "Computer science", "startyear": 2020, "endyear": 2020, "gpa": "8", "skills": "java,html,python", "experience": "worked on the projects", "Spokentest_score": 9.4, "about": "love tech stuffs", "pic": "pro1.png", "github": "https://github.com/HarshitDolu", "Linkedin": "https://github.com/HarshitDolu", "upload_your_work": "", "date_created": "2020-05-08"}}, {"model": "emp.student", "pk": 36, "fields": {"user": 57, "name": " ", "mail": " ", "phno": "0", "address": " ", "education": " ", "degree": " ", "startyear": 2020, "endyear": 2020, "gpa": "0", "skills": "", "experience": " ", "Spokentest_score": 0.0, "about": " ", "pic": "pro1.png", "github": " ", "Linkedin": " ", "upload_your_work": "", "date_created": "2020-05-14"}}, {"model": "emp.student", "pk": 37, "fields": {"user": 59, "name": " ", "mail": " ", "phno": "0", "address": " ", "education": " ", "degree": " ", "startyear": 2020, "endyear": 2020, "gpa": "0", "skills": "", "experience": " ", "Spokentest_score": 0.0, "about": " ", "pic": "pro1.png", "github": " ", "Linkedin": " ", "upload_your_work": "", "date_created": "2020-05-16"}}, {"model": "emp.student", "pk": 38, "fields": {"user": 61, "name": " ", "mail": " ", "phno": "0", "address": " ", "education": " ", "degree": " ", "startyear": 2020, "endyear": 2020, "gpa": "0", "skills": "", "experience": " ", "Spokentest_score": 0.0, "about": " ", "pic": "pro1.png", "github": " ", "Linkedin": " ", "upload_your_work": "", "date_created": "2020-05-17"}}, {"model": "emp.student", "pk": 39, "fields": {"user": 63, "name": " ", "mail": " ", "phno": "0", "address": " ", "education": " ", "degree": " ", "startyear": 2020, "endyear": 2020, "gpa": "0", "skills": "", "experience": " ", "Spokentest_score": 0.0, "about": " ", "pic": "pro1.png", "github": " ", "Linkedin": " ", "upload_your_work": "", "date_created": "2020-05-19"}}, {"model": "emp.student", "pk": 40, "fields": {"user": 64, "name": "Mika singh", "mail": "jp@gmail.com", "phno": "838399202", "address": "Kolkata West bengal", "education": "NIT Agartala", "degree": "Computer science", "startyear": 2020, "endyear": 2020, "gpa": "8", "skills": "data structures and algorithms", "experience": "worked many times", "Spokentest_score": 9.8, "about": "great tech knowledge", "pic": "pro1.png", "github": "https://github.com/HarshitDolu", "Linkedin": "https://github.com/HarshitDolu", "upload_your_work": "", "date_created": "2020-05-20"}}, {"model": "emp.student", "pk": 41, "fields": {"user": 65, "name": " ", "mail": " ", "phno": "0", "address": " ", "education": " ", "degree": " ", "startyear": 2020, "endyear": 2020, "gpa": "0", "skills": "", "experience": " ", "Spokentest_score": 0.0, "about": " ", "pic": "pro1.png", "github": " ", "Linkedin": " ", "upload_your_work": "", "date_created": "2020-05-20"}}, {"model": "emp.student", "pk": 42, "fields": {"user": 66, "name": " ", "mail": " ", "phno": "0", "address": " ", "education": " ", "degree": " ", "startyear": 2020, "endyear": 2020, "gpa": "0", "skills": "", "experience": " ", "Spokentest_score": 0.0, "about": " ", "pic": "pro1.png", "github": " ", "Linkedin": " ", "upload_your_work": "", "date_created": "2020-05-21"}}, {"model": "emp.employer", "pk": 1, "fields": {"user": 24, "emp_name": "bekhayali", "company_name": "Morgan stanely", "logo": "pro1.png", "company_description": "high", "emp_field": "graphics", "date_created": "2020-05-01", "e_pic": ""}}, {"model": "emp.employer", "pk": 3, "fields": {"user": null, "emp_name": "poll", "company_name": "Goldman sacs", "logo": "pro1.png", "company_description": "great", "emp_field": "animations", "date_created": "2020-05-01", "e_pic": "pro1.png"}}, {"model": "emp.employer", "pk": 5, "fields": {"user": 16, "emp_name": "hgt", "company_name": "Google", "logo": "pro1.png", "company_description": "top level", "emp_field": "software", "date_created": "2020-05-01", "e_pic": "pro1.png"}}, {"model": "emp.employer", "pk": 6, "fields": {"user": 67, "emp_name": "hero", "company_name": "flipkart", "logo": "pro1.png", "company_description": "Top mnc", "emp_field": "software", "date_created": "2020-05-01", "e_pic": "pro1.png"}}, {"model": "emp.employer", "pk": 7, "fields": {"user": 14, "emp_name": "joma", "company_name": "amazon", "logo": "pro1.png", "company_description": "high tech top level company", "emp_field": "software developer", "date_created": "2020-05-02", "e_pic": "pro1.png"}}, {"model": "emp.employer", "pk": 12, "fields": {"user": null, "emp_name": " ", "company_name": "amazon", "logo": "pro1.png", "company_description": " ", "emp_field": " ", "date_created": "2020-05-02", "e_pic": "pro1.png"}}, {"model": "emp.employer", "pk": 13, "fields": {"user": 36, "emp_name": "icecream", "company_name": "amul", "logo": "pro1.png", "company_description": "tasty", "emp_field": "marketing", "date_created": "2020-05-04", "e_pic": "pro1.png"}}, {"model": "emp.employer", "pk": 14, "fields": {"user": 37, "emp_name": "Mr Ritseh Jain", "company_name": "Mr Garments", "logo": "pro1.png", "company_description": "Marketing", "emp_field": "business", "date_created": "2020-05-04", "e_pic": "pro1.png"}}, {"model": "emp.employer", "pk": 15, "fields": {"user": 38, "emp_name": "Banty Jain", "company_name": "Furnitura", "logo": "pro1.png", "company_description": "Marketing", "emp_field": "business", "date_created": "2020-05-04", "e_pic": "pro1.png"}}, {"model": "emp.employer", "pk": 16, "fields": {"user": 41, "emp_name": "Mahiwe", "company_name": "antyellow", "logo": "pro1.png", "company_description": "tech", "emp_field": "software developer", "date_created": "2020-05-05", "e_pic": "pro1.png"}}, {"model": "emp.employer", "pk": 17, "fields": {"user": 53, "emp_name": "Mr Bablu jain", "company_name": "Zota", "logo": "pro1.png", "company_description": "well established company", "emp_field": "business", "date_created": "2020-05-07", "e_pic": "pro1.png"}}, {"model": "emp.employer", "pk": 18, "fields": {"user": 55, "emp_name": "pami", "company_name": "directi", "logo": "pro1.png", "company_description": "software", "emp_field": "sde", "date_created": "2020-05-08", "e_pic": "pro1.png"}}, {"model": "emp.employer", "pk": 19, "fields": {"user": 56, "emp_name": "bjain", "company_name": "Mazon Pvt.Limited", "logo": "pro1.png", "company_description": "Amazon.com, Inc.[7] (/\u02c8\u00e6m\u0259z\u0252n/), is an American multinational conglomerate technology company based in Seattle, with 750,000 employees.[8] It focuses on e-commerce, cloud computing, digital streaming, and artificial intelligence. It is considered one of the Big Four technology companies, along with Google, Apple, and Facebook.[9][10][11] It has been referred to as \"one of the most influential economic and cultural forces in the world.\"[12]\r\n\r\nAmazon is known for its disruption of well-established industries through technological innovation and mass scale.[13][14][15] It is the world's largest online marketplace, AI assistant provider, and cloud computing platform[16] as measured by revenue and market capitalization.[17] Amazon is the largest Internet company by revenue in the world.[18] It is the second largest private employer in the United States[19] and one of the world's most valuable companies.\r\n\r\nAmazon was founded by Jeff Bezos in Bellevue, Washington, in July 1994. The company started as an online marketplace for books but expanded to sell electronics, software, video games, apparel, furniture, food, toys, and jewelry. In 2015, Amazon surpassed Walmart as the most valuable retailer in the United States by market capitalization.[20] In 2017, Amazon acquired Whole Foods Market for US$13.4 billion, substantially increasing Amazon's footprint as a physical retailer.[21] In 2018, Bezos announced that its two-day delivery service, Amazon Prime, had surpassed 100 million subscribers worldwide.[22][23]", "emp_field": "software", "date_created": "2020-05-11", "e_pic": "07.jpg"}}, {"model": "emp.employer", "pk": 20, "fields": {"user": 58, "emp_name": " ", "company_name": "", "logo": "pro1.png", "company_description": " ", "emp_field": " ", "date_created": "2020-05-15", "e_pic": "pro1.png"}}, {"model": "emp.employer", "pk": 21, "fields": {"user": 60, "emp_name": " ", "company_name": "", "logo": "pro1.png", "company_description": " ", "emp_field": " ", "date_created": "2020-05-16", "e_pic": "pro1.png"}}, {"model": "emp.employer", "pk": 22, "fields": {"user": 62, "emp_name": " ", "company_name": "", "logo": "pro1.png", "company_description": " ", "emp_field": " ", "date_created": "2020-05-18", "e_pic": "pro1.png"}}]